-- MySQL dump 10.13  Distrib 5.7.28, for Linux (x86_64)
--
-- Host: localhost    Database: blossom_fantasy
-- ------------------------------------------------------
-- Server version	5.7.28-0ubuntu0.18.04.4

/*!40101 SET @OLD_CHARACTER_SET_CLIENT=@@CHARACTER_SET_CLIENT */;
/*!40101 SET @OLD_CHARACTER_SET_RESULTS=@@CHARACTER_SET_RESULTS */;
/*!40101 SET @OLD_COLLATION_CONNECTION=@@COLLATION_CONNECTION */;
/*!40101 SET NAMES utf8 */;
/*!40103 SET @OLD_TIME_ZONE=@@TIME_ZONE */;
/*!40103 SET TIME_ZONE='+00:00' */;
/*!40014 SET @OLD_UNIQUE_CHECKS=@@UNIQUE_CHECKS, UNIQUE_CHECKS=0 */;
/*!40014 SET @OLD_FOREIGN_KEY_CHECKS=@@FOREIGN_KEY_CHECKS, FOREIGN_KEY_CHECKS=0 */;
/*!40101 SET @OLD_SQL_MODE=@@SQL_MODE, SQL_MODE='NO_AUTO_VALUE_ON_ZERO' */;
/*!40111 SET @OLD_SQL_NOTES=@@SQL_NOTES, SQL_NOTES=0 */;

--
-- Table structure for table `abouts`
--

DROP TABLE IF EXISTS `abouts`;
/*!40101 SET @saved_cs_client     = @@character_set_client */;
/*!40101 SET character_set_client = utf8 */;
CREATE TABLE `abouts` (
  `id` int(11) NOT NULL AUTO_INCREMENT,
  `image` varchar(255) CHARACTER SET utf8mb4 NOT NULL,
  `timeline` text CHARACTER SET utf8mb4 NOT NULL,
  `deleted_at` datetime DEFAULT NULL,
  `created_at` datetime NOT NULL DEFAULT CURRENT_TIMESTAMP,
  `created_by` int(11) NOT NULL,
  `updated_at` datetime DEFAULT NULL,
  `updated_by` int(11) DEFAULT NULL,
  PRIMARY KEY (`id`)
) ENGINE=MyISAM AUTO_INCREMENT=22 DEFAULT CHARSET=latin1;
/*!40101 SET character_set_client = @saved_cs_client */;

--
-- Dumping data for table `abouts`
--

LOCK TABLES `abouts` WRITE;
/*!40000 ALTER TABLE `abouts` DISABLE KEYS */;
INSERT INTO `abouts` VALUES (1,'YsA4AQbn8GtuXQrrLtnPD71GDhViOacCKHw5ToDX.jpeg','Summer of 1990 the Blossfan family went on a road trip to Western Canada. They passed by a flower farm and bought some flowers to give to their friends living along the path of their road trip. When they reached a town, the family stops to eat, later some people approached them, asking if they could buy some of the flowers. The family ended up selling all of the flowers that day. Coming back from the road trip, they did the same thing, bought some flowers from the farm and sell it. The same thing happened; all the flowers were sold.',NULL,'2019-12-09 23:54:04',1,'2019-12-12 19:44:35',4),(12,'OxE86uJiUGR16tHXm586cYV3oLfBrDMnaRmdq7Iw.jpeg','Since that road trip happened, Mr. and Mrs. Blossfan \r\n              decided to dig deeper into the flower business. They first started \r\n              doing it on the weekends or holidays. For a few months, they sold flowers \r\n              using their van. They were amazed because the business was excellent, and they are \r\n              happy doing it. At first, they were moving from place to place each week around the city; \r\n              they did it also to start scouting for the best place where to sell flowers in the town. \r\n              In the same year they finally settled in the best place possible and the Blossom Fantasy \r\n              flower company was born.',NULL,'2019-12-11 21:47:45',1,'2019-12-12 19:44:58',4),(13,'images/about/thumbs/21pIGX6NCU5WROuJpLX8SbVinsNhELedtcvQH7VL.jpeg','Since that road trip happened, Mr. and Mrs. Blossfan \r\n              decided to dig deeper into the flower business. They first started \r\n              doing it on the weekends or holidays. For a few months, they sold flowers \r\n              using their van. They were amazed because the business was excellent, and they are \r\n              happy doing it. At first, they were moving from place to place each week around the city; \r\n              they did it also to start scouting for the best place where to sell flowers in the town. \r\n              In the same year they finally settled in the best place possible and the blossom fantasy \r\n              flower company was born.','2019-12-11 22:18:04','2019-12-11 21:49:10',1,'2019-12-11 22:18:04',NULL),(14,'wP3B2BWaK5b4CQPkfzlYxKtE4bhvlbH8Ul1v7Pgx.jpeg','In 1995, The Blossfan couple decided to deliver the flowers at the doorsteps of their customers. At first, they had limited the radius to a maximum of ten kilometers from their store because at that time they are only using a bicycle to deliver the flowers. Robust business and high demand prompted the company to start contracting out deliveries to Greater Winnipeg Area.',NULL,'2019-12-11 21:54:53',1,'2019-12-12 19:45:27',4),(17,'DyoUJZYtd8ee5Xty98MvzpTiPsLBVN0SuBE3r6Ix.jpeg','In 2015, Blossom fantasy went Canada wide. It expanded to 13 branches across Canada, with 500 employees all over Canada working in Blossom fantasy flower farms and flower shops.','2019-12-12 16:49:43','2019-12-12 16:46:39',1,'2019-12-12 16:49:43',NULL),(15,'5vqlySoIN2SimlkcxoLcvUKfFhnCO9y4R6mxvhO6.jpeg','In 2000, To ensure the supply of fresh flowers, Blossom\r\n              Fantasy invested in flower farms. The first farm is 1,000 hectares of flowers situated outside the perimeter of Winnipeg, equipped with state-of-the-art technology that could withstand even the harshest Canadian winter.\r\n              This business decision has separated Blossom Fantasy from its competitors\r\n              capturing a dominant market share of 90% of the entire Greater Winnipeg Area.',NULL,'2019-12-11 21:57:52',1,'2019-12-12 19:45:40',4),(16,'wuUllMwCU1zZv8uCHg5GCDFNORl1juU3nz2MvG5d.jpeg','In 2005, Blossom Fantasy expanded its operations to Saskatchewan. In the same year, the first Blossom Fantasy Website was launched. Initially it was an static website where people can see all the products and make a phone call to order flowers.','2019-12-12 16:49:38','2019-12-12 16:45:23',1,'2019-12-12 16:49:38',NULL),(18,'lKzQPckwBOUdnPRWiUrFTnLg1ej1Rd2xwh8MU6ss.jpeg','In 2020, Blossom fantasy new website will be launch. Entire front office operations integrated into one ecommerce site. Its security have been enormously improved.','2019-12-12 16:49:45','2019-12-12 16:47:24',1,'2019-12-12 16:49:45',NULL),(19,'rtnmjLv0yBwHWs17IbbB7ZxbTPZoH9jZxXgWpc2v.jpeg','In 2005, Blossom Fantasy expanded its operations to Saskatchewan. In the same year, the first Blossom Fantasy Website was launched. Initially, it was a static website where people can see all the products and make a phone call to order flowers. Since launching sales improved by 10% on a yearly basis.',NULL,'2019-12-12 16:51:29',1,'2019-12-12 19:46:01',4),(20,'xhsQyQw2FkCQFbg1cWpueTadosrH9w8norcuG2wJ.jpeg','In 2015, Blossom fantasy went Canada wide. It expanded to 13 branches across Canada, with 500 employees all over Canada working in Blossom Fantasy flower farms and flower shops.',NULL,'2019-12-12 16:54:10',1,'2019-12-12 19:46:27',4),(21,'81DYYGXe1BaYUyzmXthg5Y3uDE7B36WMWbhKaInW.jpeg','In 2020, Blossom Fantasy the new website will be launch. The entire front office and back operations integrated into one eCommerce site. It adheres to the principles of usability, it is search engine optimized, it is lock-down secure, it accepts credit card payment. It has all the capabilities of the latest eCommerce website trends and technologies.',NULL,'2019-12-12 16:55:16',1,'2019-12-12 19:46:41',4);
/*!40000 ALTER TABLE `abouts` ENABLE KEYS */;
UNLOCK TABLES;

--
-- Table structure for table `addresses`
--

DROP TABLE IF EXISTS `addresses`;
/*!40101 SET @saved_cs_client     = @@character_set_client */;
/*!40101 SET character_set_client = utf8 */;
CREATE TABLE `addresses` (
  `id` int(11) NOT NULL AUTO_INCREMENT,
  `user_id` int(11) NOT NULL,
  `address_type` enum('billing','shipping') NOT NULL,
  `address` varchar(100) NOT NULL,
  `city` varchar(50) NOT NULL,
  `province` varchar(20) NOT NULL,
  `postal_code` char(7) NOT NULL,
  `deleted_at` datetime DEFAULT NULL,
  `created_at` datetime NOT NULL DEFAULT CURRENT_TIMESTAMP,
  `created_by` int(11) NOT NULL,
  `updated_at` datetime DEFAULT NULL,
  `updated_by` int(11) DEFAULT NULL,
  PRIMARY KEY (`id`),
  KEY `fk_user_address` (`user_id`),
  CONSTRAINT `fk_user_address` FOREIGN KEY (`user_id`) REFERENCES `users` (`id`) ON UPDATE NO ACTION
) ENGINE=InnoDB AUTO_INCREMENT=18 DEFAULT CHARSET=utf8mb4;
/*!40101 SET character_set_client = @saved_cs_client */;

--
-- Dumping data for table `addresses`
--

LOCK TABLES `addresses` WRITE;
/*!40000 ALTER TABLE `addresses` DISABLE KEYS */;
INSERT INTO `addresses` VALUES (1,15,'billing','Osborne','Winnipeg','Manitoba','R3L0E6',NULL,'2019-12-13 09:16:45',15,'2019-12-13 09:16:45',NULL),(2,15,'shipping','Osborne','Winnipeg','Manitoba','R3L0E6',NULL,'2019-12-13 09:17:01',15,'2019-12-13 09:17:01',NULL),(3,4,'billing','43 Empress Creek','Winnipeg','Manitoba','G7Y 3B2',NULL,'2019-12-13 12:08:41',4,'2019-12-13 12:08:41',NULL),(4,4,'shipping','43 Empress Creek','Winnipeg','Manitoba','G7Y 3B2',NULL,'2019-12-13 12:11:15',4,'2019-12-13 12:11:15',NULL),(5,25,'billing','43 Empress Creek','Winnipeg','Manitoba','G7Y 3B2',NULL,'2019-12-13 12:20:32',25,'2019-12-13 12:20:32',NULL),(6,25,'shipping','43 Empress Creek','Winnipeg','Manitoba','G7Y 3B2',NULL,'2019-12-13 12:20:49',25,'2019-12-13 12:20:49',NULL),(7,24,'billing','33 hargrave street','Winnipeg','Manitoba','R3c3t9',NULL,'2019-12-13 14:11:53',24,'2019-12-13 14:11:53',NULL),(8,24,'shipping','33 hargrave st','Winnipeg','Manitoba','R3c3t9',NULL,'2019-12-13 14:13:41',24,'2019-12-13 14:13:41',NULL),(9,26,'billing','House no. 2 hargrave steet','winnipeg','canada','110027',NULL,'2019-12-13 14:24:00',26,'2019-12-13 14:24:00',NULL),(10,26,'billing','House no. 3','winnipeg','canada','110025',NULL,'2019-12-13 14:26:16',26,'2019-12-13 14:26:16',NULL),(11,26,'shipping','House no. 4','winnipeg','canada','1122399',NULL,'2019-12-13 14:27:53',26,'2019-12-13 14:27:53',NULL),(12,27,'billing','30 shepperd st.','winnipeg','manitoba','R2P0W7',NULL,'2019-12-13 15:15:16',27,'2019-12-13 15:15:16',NULL),(13,27,'shipping','30 adsum drive','winnipeg','manitoba','R2P0W7',NULL,'2019-12-13 15:16:57',27,'2019-12-13 15:16:57',NULL),(14,29,'billing','666 Trumptown Drive','Trumpville','DC','6666666',NULL,'2019-12-13 16:47:23',29,'2019-12-13 16:48:28',29),(15,1,'billing','401 shepperd st','Winnipeg','manitoba','R2P 7W4',NULL,'2019-12-13 16:48:45',1,'2019-12-13 16:48:45',NULL),(16,29,'shipping','555 Trumptiville','Washinton','Ontario','H0h0h0',NULL,'2019-12-13 16:49:07',29,'2019-12-13 16:49:07',NULL),(17,1,'shipping','4- adsum drive','winnipeg','maitoba','r4t5y6',NULL,'2019-12-13 16:49:13',1,'2019-12-13 16:49:13',NULL);
/*!40000 ALTER TABLE `addresses` ENABLE KEYS */;
UNLOCK TABLES;

--
-- Table structure for table `categories`
--

DROP TABLE IF EXISTS `categories`;
/*!40101 SET @saved_cs_client     = @@character_set_client */;
/*!40101 SET character_set_client = utf8 */;
CREATE TABLE `categories` (
  `id` int(11) NOT NULL AUTO_INCREMENT,
  `name` varchar(50) NOT NULL,
  `description` varchar(255) NOT NULL,
  `deleted_at` datetime DEFAULT NULL,
  `created_at` datetime NOT NULL DEFAULT CURRENT_TIMESTAMP,
  `created_by` int(11) NOT NULL,
  `updated_at` datetime DEFAULT NULL,
  `updated_by` int(11) DEFAULT NULL,
  PRIMARY KEY (`id`)
) ENGINE=InnoDB AUTO_INCREMENT=9 DEFAULT CHARSET=utf8mb4;
/*!40101 SET character_set_client = @saved_cs_client */;

--
-- Dumping data for table `categories`
--

LOCK TABLES `categories` WRITE;
/*!40000 ALTER TABLE `categories` DISABLE KEYS */;
INSERT INTO `categories` VALUES (1,'Birthday','tortor duis mattis egestas metus aenean fermentum donec ut mauris eget massa tempor convallis',NULL,'2019-12-09 18:17:52',3,'2019-12-09 18:49:28',4),(2,'Anniversary','tempus semper est quam pharetra magna ac consequat metus sapien ut',NULL,'2019-12-09 18:57:16',4,'2019-12-09 18:57:16',NULL),(3,'Wedding','molestie nibh in lectus pellentesque at nulla suspendisse potenti cras in purus eu magna',NULL,'2019-12-09 18:57:43',4,'2019-12-09 18:57:43',NULL),(4,'Funeral','eros vestibulum ac est lacinia nisi venenatis tristique fusce congue diam id ornare imperdiet sapien urna pretium nisl',NULL,'2019-12-09 18:58:06',4,'2019-12-09 18:58:06',NULL),(5,'Festival','pellentesque eget nunc donec quis orci eget orci vehicula condimentum curabitur in libero ut',NULL,'2019-12-09 18:58:37',4,'2019-12-09 18:58:37',NULL),(6,'Recognition','felis eu sapien cursus vestibulum proin eu mi nulla ac enim in tempor turpis nec euismod',NULL,'2019-12-09 18:59:24',4,'2019-12-09 18:59:24',NULL),(7,'Special Occasions','sed interdum venenatis turpis enim blandit mi in porttitor pede justo eu massa donec dapibus duis at velit eu',NULL,'2019-12-09 19:00:32',4,'2019-12-09 19:00:32',NULL),(8,'Thanksgiving','pharetra magna vestibulum aliquet ultrices erat tortor sollicitudin mi sit amet lobortis sapien sapien non mi integer ac neque duis',NULL,'2019-12-09 19:03:22',4,'2019-12-09 19:03:22',NULL);
/*!40000 ALTER TABLE `categories` ENABLE KEYS */;
UNLOCK TABLES;

--
-- Table structure for table `category_product`
--

DROP TABLE IF EXISTS `category_product`;
/*!40101 SET @saved_cs_client     = @@character_set_client */;
/*!40101 SET character_set_client = utf8 */;
CREATE TABLE `category_product` (
  `id` int(11) NOT NULL AUTO_INCREMENT,
  `category_id` int(11) NOT NULL,
  `product_id` int(11) NOT NULL,
  PRIMARY KEY (`id`),
  KEY `fk_prod_cat_product` (`product_id`),
  KEY `fk_prod_cat_category` (`category_id`),
  CONSTRAINT `fk_prod_cat_category` FOREIGN KEY (`category_id`) REFERENCES `categories` (`id`) ON UPDATE NO ACTION,
  CONSTRAINT `fk_prod_cat_product` FOREIGN KEY (`product_id`) REFERENCES `products` (`id`) ON UPDATE NO ACTION
) ENGINE=InnoDB AUTO_INCREMENT=334 DEFAULT CHARSET=utf8mb4;
/*!40101 SET character_set_client = @saved_cs_client */;

--
-- Dumping data for table `category_product`
--

LOCK TABLES `category_product` WRITE;
/*!40000 ALTER TABLE `category_product` DISABLE KEYS */;
INSERT INTO `category_product` VALUES (1,1,1),(2,4,2),(3,3,2),(5,4,3),(6,4,4),(7,2,4),(8,8,5),(9,4,5),(10,7,6),(11,4,6),(12,7,7),(13,4,7),(14,4,8),(15,2,8),(17,4,9),(18,4,10),(19,3,10),(20,6,11),(21,4,11),(22,4,12),(23,3,12),(24,4,13),(25,2,13),(26,5,14),(27,4,14),(28,7,15),(29,4,15),(30,5,16),(31,4,16),(32,8,17),(33,4,17),(34,7,18),(35,4,18),(36,7,19),(37,4,19),(38,8,20),(39,2,20),(40,7,21),(41,2,21),(42,1,21),(43,7,22),(44,6,22),(45,6,23),(46,5,23),(47,8,24),(48,7,24),(49,6,25),(50,3,25),(51,7,26),(52,5,26),(53,3,26),(54,2,26),(55,6,27),(56,2,27),(57,1,27),(58,8,28),(59,6,28),(60,3,28),(61,2,28),(62,8,29),(63,7,29),(64,6,29),(65,3,29),(66,7,30),(67,6,30),(68,3,30),(69,1,30),(70,2,31),(71,1,31),(72,7,32),(73,2,32),(74,8,33),(75,2,33),(76,1,33),(77,8,34),(78,7,34),(79,6,34),(80,5,34),(81,2,34),(82,1,34),(83,6,35),(84,3,35),(85,2,35),(86,1,35),(87,7,36),(88,6,36),(89,2,36),(90,1,36),(91,8,37),(92,7,37),(93,5,37),(94,2,37),(95,6,38),(96,5,38),(97,2,38),(98,1,38),(99,8,39),(100,7,39),(101,2,39),(102,8,40),(103,6,40),(104,5,40),(105,2,40),(106,8,41),(107,2,41),(108,6,42),(109,2,42),(110,1,42),(111,8,43),(112,6,43),(113,2,43),(114,1,43),(115,2,44),(116,1,44),(117,8,45),(118,7,45),(119,2,45),(120,1,45),(121,8,46),(122,7,46),(123,2,46),(124,8,47),(125,2,47),(126,3,48),(127,2,48),(128,1,48),(129,7,49),(130,3,49),(131,2,49),(132,8,50),(133,3,50),(134,2,50),(135,8,51),(136,7,51),(137,2,51),(138,7,52),(139,5,52),(140,3,52),(141,2,52),(142,8,53),(143,7,53),(144,5,53),(145,3,53),(146,2,53),(147,1,53),(148,8,54),(149,7,54),(150,3,54),(151,1,54),(152,6,54),(153,7,55),(154,6,55),(155,5,55),(156,8,56),(157,7,56),(158,6,56),(159,3,56),(160,1,57),(161,7,58),(162,5,58),(163,3,58),(164,2,58),(165,7,59),(166,5,59),(167,3,59),(168,1,59),(169,7,60),(170,3,60),(171,2,60),(172,1,60),(173,8,61),(174,7,61),(175,6,61),(176,5,61),(177,8,62),(178,6,62),(179,1,63),(180,8,64),(181,7,64),(182,3,64),(183,2,64),(184,1,64),(185,8,65),(186,7,65),(187,6,65),(188,8,66),(189,7,66),(190,5,66),(191,2,66),(192,1,66),(193,8,67),(194,7,67),(195,6,67),(196,4,67),(197,8,68),(198,6,68),(199,5,68),(200,8,69),(201,7,69),(202,6,69),(203,8,70),(204,7,70),(205,6,70),(206,5,70),(207,8,71),(208,7,71),(209,6,71),(210,5,71),(211,8,72),(212,7,72),(213,6,72),(214,4,72),(215,8,73),(216,7,73),(217,6,73),(218,4,73),(219,8,74),(220,7,74),(221,6,74),(222,5,74),(223,3,74),(224,2,74),(225,1,74),(226,8,75),(227,7,75),(228,6,75),(229,2,75),(230,1,75),(231,8,76),(232,7,76),(233,6,76),(234,5,76),(235,2,76),(236,8,77),(237,7,77),(238,5,77),(239,3,77),(240,2,77),(241,1,77),(242,8,78),(243,7,78),(244,3,78),(245,2,78),(246,1,78),(247,7,79),(248,5,79),(249,3,79),(250,2,79),(251,1,79),(252,8,80),(253,7,80),(254,6,80),(255,5,80),(256,4,80),(257,7,81),(258,3,81),(259,2,81),(260,1,81),(261,8,82),(262,7,82),(263,6,82),(264,5,82),(265,3,82),(266,2,82),(267,1,82),(268,8,83),(269,7,83),(270,6,83),(271,8,84),(272,7,84),(273,6,84),(274,8,85),(275,7,85),(276,6,85),(277,5,85),(278,8,86),(279,7,86),(280,6,86),(281,4,86),(282,8,87),(283,7,87),(284,6,87),(285,5,87),(286,8,88),(287,7,88),(288,6,88),(289,4,88),(290,8,89),(291,7,89),(292,6,89),(293,7,90),(294,4,90),(295,8,91),(296,7,91),(297,6,91),(298,8,92),(299,6,92),(300,8,93),(301,6,93),(302,4,93),(303,8,94),(304,7,94),(305,6,94),(306,8,95),(307,7,95),(308,6,95),(309,4,95),(310,7,96),(311,3,96),(312,2,96),(313,1,96),(314,7,97),(315,3,97),(316,2,97),(317,1,97),(318,8,98),(319,7,98),(320,6,98),(321,7,99),(322,3,99),(323,2,99),(324,1,99),(325,7,100),(326,3,100),(327,2,100),(328,1,100),(329,8,101),(330,7,101),(331,3,101),(332,2,101),(333,5,97);
/*!40000 ALTER TABLE `category_product` ENABLE KEYS */;
UNLOCK TABLES;

--
-- Table structure for table `delivery_charges`
--

DROP TABLE IF EXISTS `delivery_charges`;
/*!40101 SET @saved_cs_client     = @@character_set_client */;
/*!40101 SET character_set_client = utf8 */;
CREATE TABLE `delivery_charges` (
  `id` int(11) NOT NULL AUTO_INCREMENT,
  `cost` decimal(5,2) NOT NULL,
  `days_for_delivery` int(11) NOT NULL,
  `deleted_at` datetime DEFAULT NULL,
  `created_at` datetime NOT NULL DEFAULT CURRENT_TIMESTAMP,
  `created_by` int(11) NOT NULL,
  `updated_at` datetime DEFAULT NULL,
  `updated_by` int(11) DEFAULT NULL,
  PRIMARY KEY (`id`)
) ENGINE=InnoDB AUTO_INCREMENT=11 DEFAULT CHARSET=utf8mb4;
/*!40101 SET character_set_client = @saved_cs_client */;

--
-- Dumping data for table `delivery_charges`
--

LOCK TABLES `delivery_charges` WRITE;
/*!40000 ALTER TABLE `delivery_charges` DISABLE KEYS */;
INSERT INTO `delivery_charges` VALUES (1,10.00,1,NULL,'2019-12-12 04:17:05',1,'2019-12-12 04:17:05',NULL),(2,10.00,2,NULL,'2019-12-12 04:17:17',1,'2019-12-12 04:17:17',NULL),(3,7.00,3,NULL,'2019-12-12 04:17:24',1,'2019-12-12 04:17:24',NULL),(4,7.00,4,NULL,'2019-12-12 04:17:33',1,'2019-12-12 04:17:33',NULL),(5,7.00,5,NULL,'2019-12-12 04:17:41',1,'2019-12-12 04:17:41',NULL),(6,5.00,6,NULL,'2019-12-12 04:17:52',1,'2019-12-12 04:17:52',NULL),(7,5.00,7,NULL,'2019-12-12 04:17:59',1,'2019-12-12 04:18:13',1),(8,0.00,8,NULL,'2019-12-12 04:18:27',1,'2019-12-12 04:18:27',NULL),(9,0.00,9,NULL,'2019-12-12 04:18:35',1,'2019-12-12 04:18:35',NULL),(10,0.00,10,NULL,'2019-12-12 04:18:43',1,'2019-12-12 04:18:43',NULL);
/*!40000 ALTER TABLE `delivery_charges` ENABLE KEYS */;
UNLOCK TABLES;

--
-- Table structure for table `discounts`
--

DROP TABLE IF EXISTS `discounts`;
/*!40101 SET @saved_cs_client     = @@character_set_client */;
/*!40101 SET character_set_client = utf8 */;
CREATE TABLE `discounts` (
  `id` int(11) NOT NULL AUTO_INCREMENT,
  `description` text NOT NULL,
  `percentage` int(11) NOT NULL,
  `deleted_at` datetime DEFAULT NULL,
  `created_at` datetime NOT NULL DEFAULT CURRENT_TIMESTAMP,
  `created_by` int(11) NOT NULL,
  `updated_at` datetime DEFAULT NULL,
  `updated_by` int(11) DEFAULT NULL,
  PRIMARY KEY (`id`)
) ENGINE=InnoDB AUTO_INCREMENT=11 DEFAULT CHARSET=utf8mb4;
/*!40101 SET character_set_client = @saved_cs_client */;

--
-- Dumping data for table `discounts`
--

LOCK TABLES `discounts` WRITE;
/*!40000 ALTER TABLE `discounts` DISABLE KEYS */;
INSERT INTO `discounts` VALUES (1,'Thanksgiving Day Sale',15,NULL,'2019-12-12 04:21:11',1,'2019-12-12 04:21:11',NULL),(2,'Rememberance Day Sale',30,NULL,'2019-12-12 04:21:24',1,'2019-12-12 04:21:24',NULL),(3,'Canada Day Sale',25,NULL,'2019-12-12 04:21:36',1,'2019-12-12 04:21:36',NULL),(4,'Labour Day Sale',30,NULL,'2019-12-12 04:21:55',1,'2019-12-12 04:21:55',NULL),(5,'New Year Sale',10,NULL,'2019-12-12 04:22:09',1,'2019-12-12 04:22:09',NULL),(6,'Good Friday Sale',40,NULL,'2019-12-12 04:22:31',1,'2019-12-12 04:22:31',NULL),(7,'Boxing Day Sale',50,NULL,'2019-12-12 04:22:46',1,'2019-12-12 04:22:46',NULL),(8,'Cyber Monday Sale',30,NULL,'2019-12-12 04:23:47',1,'2019-12-12 04:23:47',NULL),(9,'Black Friday Sale',20,NULL,'2019-12-12 04:24:03',1,'2019-12-12 04:24:03',NULL),(10,'Sunday Sale Sale',10,NULL,'2019-12-12 04:24:18',1,'2019-12-12 04:24:18',NULL);
/*!40000 ALTER TABLE `discounts` ENABLE KEYS */;
UNLOCK TABLES;

--
-- Table structure for table `faqs`
--

DROP TABLE IF EXISTS `faqs`;
/*!40101 SET @saved_cs_client     = @@character_set_client */;
/*!40101 SET character_set_client = utf8 */;
CREATE TABLE `faqs` (
  `id` int(11) NOT NULL AUTO_INCREMENT,
  `questions` varchar(255) CHARACTER SET utf8mb4 NOT NULL,
  `answers` text CHARACTER SET utf8mb4 NOT NULL,
  `deleted_at` datetime DEFAULT NULL,
  `created_at` datetime NOT NULL DEFAULT CURRENT_TIMESTAMP,
  `created_by` int(11) NOT NULL,
  `updated_at` datetime DEFAULT NULL,
  `updated_by` int(11) DEFAULT NULL,
  PRIMARY KEY (`id`)
) ENGINE=InnoDB AUTO_INCREMENT=26 DEFAULT CHARSET=latin1;
/*!40101 SET character_set_client = @saved_cs_client */;

--
-- Dumping data for table `faqs`
--

LOCK TABLES `faqs` WRITE;
/*!40000 ALTER TABLE `faqs` DISABLE KEYS */;
INSERT INTO `faqs` VALUES (1,'Do you accept Visa Debit?','A: Our internal credit card processing system will not be accept Visa Debit cards, however, PayPal can be used to process Visa Debit payments. When checking out select the Debit/PayPal as your payment method. There is no additional cost to you for this service.',NULL,'2019-12-12 03:43:22',1,'2019-12-12 03:43:22',NULL),(2,'Do you charge tax?','A: Due to Canadian law, taxes are required for all orders sent within Canada. Outside of Canada, USA and International prices are all inclusive.',NULL,'2019-12-12 03:43:48',1,'2019-12-12 03:43:48',NULL),(3,'How do I get a copy of my receipt?','A: Once your order is successfully submitted online, you will immediately receive a receipt (with order number) on your web browser screen. We suggest printing and retaining this receipt for your records. Our systems also send a 2nd copy of your receipt to the e-mail address that you used when placing your order. When we receive feedback that an e-mail receipt was not received, it is often found sitting in a customer’s junk mail folder. Receipts are emailed from service@flowers.ca. Please ensure your e-mail program or service is configured to receive e-mail from this address.',NULL,'2019-12-12 03:44:17',1,'2019-12-12 03:44:17',NULL),(4,'I placed an order but forgot to enter the promotional code. Please Help!','A: Whoopsie! Have no fear, these things happen and we can certainly take care of this for you. If you\'ve placed an order and didn\'t get an opportunity to redeem an active promotion or you were made aware of a promotion after ordering with us, please reach out to us either by phone or email. Be sure to have your order number ready and a member of our customer service team would be more than happy to retroactively apply the promotional discount as a partial refund to your credit card.',NULL,'2019-12-12 03:44:45',1,'2019-12-12 03:44:45',NULL),(5,'What information should I have ready before ordering?','A: We endeavour to ensure that ordering with us is an easy and fun process! Our recommendation is to order directly online, as you can go at your own pace and ensure firsthand that all the order information is entered correctly and to your satisfaction. If you prefer to speak to a human, we have great news! We have a team of dedicated humans! Real people who would be happy to talk to you directly and assist you with placing your order. Before ordering, you\'ll need to have the recipient name, a complete address and phone number ready for where you\'re sending your order to. It is also strongly encouraged to decide beforehand what you\'d like to write on the card message. Last but not least, we also require the billing information linked to the payment method you will be providing.',NULL,'2019-12-12 03:45:10',1,'2019-12-12 03:45:10',NULL),(6,'Can I send an order anonymously?','A: Yes, you can send an order anonymously, and also type whatever you like for the card message. Please be advised that we are obliged, if requested by the recipient, to give out the sender\'s name. This is a common floral industry practice. In general, we advise against sending anonymous gifts, as these often lead to some distress for the recipient. In our experience, the recipient will almost always prefer to know who has sent a gift at the exact time it is received. Before you decide to send an order anonymously, please also consider whether or not the recipient will consider this criminal harrassment, or \"stalking\". For more information on the law regarding criminal harrassment, please read here.',NULL,'2019-12-12 03:45:35',1,'2019-12-12 03:49:39',1),(7,'I accidentally placed multiple orders!','A: Have no fear! Please let us know about the duplicate order(s) as soon as possible and we will cancel and refund the duplicate order immediately. We recommend informing us immediately. We always make our best effort, however, if the order has already been delivered or is in route, we cannot guarantee that we will be able to successfully cancel and refund your order.',NULL,'2019-12-12 03:49:01',1,'2019-12-12 03:50:28',1),(8,'Can you deliver to hospitals?','A: Absolutely! Please be sure to provide the legal first and last name so our affiliate can find the recipient. A maiden name may be required in some areas depending on the hospital\'s policy. Including Additional Information such as the room number or section of the hospital to find the recipient will help ensure a smooth delivery. Some situations may require the delivery to be left at the front desk of the hospital where an employee or volunteer at the hospital will ensure the gift reaches the recipient.',NULL,'2019-12-12 03:50:09',1,'2019-12-12 03:50:09',NULL),(9,'How will I know if my flowers (or gifts) have been delivered?','A: This is the most common question we receive. When in need of confirmation of delivery, make your request in the Additional Information section on the secure order page at checkout. If you have ordered (and did not request confirmation) contact us at service@blossom_fantasy.ca or call us at 1-888-705-9999. We have an outstanding track record of delivering flowers on-time throughout Canada and across the world. Read more information about delivery here.',NULL,'2019-12-12 03:50:56',1,'2019-12-12 03:50:56',NULL),(10,'I didn’t receive a receipt and confirmation after placing my order. Did you receive my order?','A:  You should automatically receive a copy of the order receipt to the email address specified when placing the order. If you do not see the receipt in your inbox, we recommend double-checking your junk mail folder. If you still don\'t see your receipt, please contact us. If you reach out to us via email, please be sure to include as much delivery information about your order as possible. This information may include the order number, your name, the recipient name, the address information provided for you and the recipient, or phone numbers as you entered them in the order form online.',NULL,'2019-12-12 03:56:44',1,'2019-12-12 03:56:44',NULL),(11,'I keep encountering errors on your website, or it\'s not displaying correctly, what do I do?','A:  Sorry to hear that! Our website is optimized for Google Chrome, but it should work for any browser on any device. Please ensure that your browser is updated to the most recent version. If you continue to encounter any oddities or issues navigating our website, we recommend clearing your browser\'s Temporary Internet Files, Cache and Cookies. You can clear the cache, cookies and temporary files in the \"Tools\" section in most browsers. If the issue persists, please feel free to contact us and let us know in as much detail as possible.',NULL,'2019-12-12 03:57:44',1,'2019-12-12 03:57:44',NULL),(12,'Help! I forgot my password!','A:  We hate it when that happens! Don\'t fret. We\'ve all been there. The good news is that it\'s very easy to reset your password on our website. Visit our Password Reset page, enter your email, and click the \"Reset Password\" button, you should instantly receive an email from us with instructions on how to specify a new password.',NULL,'2019-12-12 03:58:02',1,'2019-12-12 03:58:02',NULL),(13,'How do I get coupons, discounts and eCodes?','A:  There are several different ways to acquire discounts including seasonal and holiday promotions, corporate partnerships and contests. If you have created an account with Canada Flowers, the very best way to receive discounts is via our e-mail offers. You can either sign up here or choose \"yes\" to receive these offers when ordering online. We\'ll keep you in the loop by emailing from newsletter@flowers.ca (which is the address we send offers from). If you don\'t receive immediate correspondence or discounts, we don\'t always have an active promotion running, but once signed up you will be among the first to know about any specials, promotions or any upcoming flower-giving holidays. To create an account with Canada Flowers without ordering (and begin receiving occasional offers and promotional discounts) go here. Additionally, we sometimes have contests and promotions available only on our Facebook page. Find Canada Flowers on Facebook by searching for Flowers.ca.',NULL,'2019-12-12 03:58:22',1,'2019-12-12 03:58:22',NULL),(14,'How far in advance should I order my wedding flowers?','You should order your wedding flowers 7-12 months before your wedding, especially if flowers are a high priority item for you. We book a limited number of weddings & events per weekend so book early to ensure your date is available.',NULL,'2019-12-12 03:59:01',1,'2019-12-12 03:59:40',1),(15,'How much should I budget for weddign flowers?','First of all, as a couple, you need to decide how important fresh flowers are for your wedding day. Some couples may not care much for florals and others may want the wedding overflowing with big, beautiful blooms and lush foliage. Some of our smaller weddings have had the largest floral budgets as flowers were highly valued as a decor item and due to their venue choice no other decor was needed.  Most wedding magazines and online wedding blogs suggest that you should allocate a floral budget of about 10-15% of your overall wedding budget. If you are looking for Pinterest-worthy, fine-art inspired, lush designs you may want to consider a floral budget of 20-25% of your total wedding budget. Most of our couples spend between $3,500-$8,500 but some spend less and some spend more!',NULL,'2019-12-12 04:00:46',1,'2019-12-12 04:00:46',NULL),(16,'What is your pricing?','We have a wide range of pricing depending on the needs of our clients. We have worked with floral budgets from $1,000 (with our Designers Choice Package) up to $20,000 with most couples spending somewhere between $3,500-$8,500 for all of their wedding day flowers.',NULL,'2019-12-12 04:01:24',1,'2019-12-12 04:01:24',NULL),(17,'What is trending for flower designs in 2019?','For 2019, expect to see the continued use of leafy foliage in wedding flower design. The Pantone colour of the year for 2017 was Greenery and this trend is still being seen in 2019 weddings. The Pantone Colour for 2019 is Living Coral, so we\'ll likely see shades of coral flowers in weddings this season. See Living Coral floral inspiration we have designed on the blog. There will be more colour in weddings altogether in 2019. We are still seeing lots of white and green colour palettes but more and more couples are opting for colour in their flowers. Floral archways and hanging floral installations will continue to be popular. Table garlands as centerpieces will still be popular but multiple small centerpieces in ceramic vases are starting to gain popularity. Popular flowers we are getting requests for in 2019 are Panda anemones, peonies, ranunculus and king protea.',NULL,'2019-12-12 04:02:10',1,'2019-12-12 04:02:10',NULL),(18,'What flowers are available are available and what is the availability?','Many flowers are available year round (prices may fluctuate) but there are some blooms that only have seasonal availability such as peonies, muscari, anemones etc. and if asked for out of season will be very expensive or not available at all. Read our blog posted titled Wedding Flower Availability for a general guideline of which of our favorite wedding flowers are available at different times of the year.  Holidays such as Valentine’s Day, Mother’s Day, Thanksgiving, Christmas, International Women’s Day and All Saints Day (practiced in Europe & South America) will affect flower prices and availability. Weather conditions and natural disasters also impact flower availability and pricing. Please contact us, Email or Call 403-700-8299 to book a complimentary consultation to discuss flower options and availability for your wedding/event date.',NULL,'2019-12-12 04:03:07',1,'2019-12-12 04:03:07',NULL),(19,'Why should I buy from you?','Jackman’s floral arrangements are industry recognized as top quality in terms of freshness and beauty. Telefora Inc. has named Jackman’s Canadian Florist of the Year for the past 11 years. Our commitment to superior quality and service is the basis of our success. That is why you should buy from Jackman’s.',NULL,'2019-12-12 04:03:54',1,'2019-12-12 04:03:54',NULL),(20,'How will the flowers be packaged?','A talented professional delicately arranges every Jackman’s product. Unlike some of our competitors, we do not use shipping services (they dry out and misshape arrangements). Instead, all of our products are hand delivered by floral industry professionals. This means Jackman’s flowers are the freshest possible and keep the exact arrangement intended by the designer.',NULL,'2019-12-12 04:04:18',1,'2019-12-12 04:04:18',NULL),(21,'The bouquet I received was not what I ordered, what are you going to do?','Jackman’s fully adheres to our Value Assurance Policy. However, once and a while, mistakes happen. Contact us and we will make sure to clear up any misunderstanding. In the event that we made a mistake, we will be happy to replace the product or find another solution to make it right.',NULL,'2019-12-12 04:05:19',1,'2019-12-12 04:05:19',NULL),(22,'How can I contact you?','Call, email or fax. We have a trained team of floral service experts that are waiting to help you. In the event you call us after hours, please leave a message and a representative will call you back as soon as possible, or at a time chosen by you.',NULL,'2019-12-12 04:05:57',1,'2019-12-12 04:05:57',NULL),(23,'What is the best way to contact you?','The best way to contact us is through email, but we have floral service experts that can be reached by phone 7 days a week.',NULL,'2019-12-12 04:06:28',1,'2019-12-12 04:06:28',NULL),(24,'Does Jackman’s do weddings?','Jackman’s can provide you with the freshest wedding flowers to appropriately accent that very special day. Weddings are always done as custom orders. Please contact us for more information.',NULL,'2019-12-12 04:07:12',1,'2019-12-12 04:07:12',NULL),(25,'I am getting emails from your website, how do I stop this?','Simply click the link labeled “unsubscribe” at the bottom of the email.',NULL,'2019-12-12 04:07:29',1,'2019-12-12 04:07:29',NULL);
/*!40000 ALTER TABLE `faqs` ENABLE KEYS */;
UNLOCK TABLES;

--
-- Table structure for table `order_line_items`
--

DROP TABLE IF EXISTS `order_line_items`;
/*!40101 SET @saved_cs_client     = @@character_set_client */;
/*!40101 SET character_set_client = utf8 */;
CREATE TABLE `order_line_items` (
  `id` int(11) NOT NULL AUTO_INCREMENT,
  `order_id` int(11) NOT NULL,
  `product_id` int(11) NOT NULL,
  `unit_price` decimal(5,2) NOT NULL,
  `discount` decimal(5,2) NOT NULL,
  `quantity` int(11) NOT NULL,
  PRIMARY KEY (`id`),
  KEY `fk_line_item_order` (`order_id`),
  KEY `fk_line_item_product` (`product_id`),
  CONSTRAINT `fk_line_item_order` FOREIGN KEY (`order_id`) REFERENCES `orders` (`id`) ON UPDATE NO ACTION,
  CONSTRAINT `fk_line_item_product` FOREIGN KEY (`product_id`) REFERENCES `products` (`id`) ON UPDATE NO ACTION
) ENGINE=InnoDB AUTO_INCREMENT=22 DEFAULT CHARSET=utf8mb4;
/*!40101 SET character_set_client = @saved_cs_client */;

--
-- Dumping data for table `order_line_items`
--

LOCK TABLES `order_line_items` WRITE;
/*!40000 ALTER TABLE `order_line_items` DISABLE KEYS */;
INSERT INTO `order_line_items` VALUES (1,1,62,65.00,14.00,2),(2,1,89,55.00,0.00,3),(3,3,87,70.00,0.00,3),(4,3,81,160.00,0.00,1),(5,5,91,45.00,0.00,2),(6,5,1,55.00,10.00,1),(7,6,79,130.00,0.00,3),(8,6,100,55.00,0.00,1),(9,7,15,100.00,15.00,1),(10,8,90,65.00,0.00,1),(11,9,23,70.00,0.00,1),(12,10,82,95.00,0.00,1),(13,11,101,68.00,0.00,2),(14,12,101,68.00,0.00,5),(15,12,99,125.00,0.00,3),(16,12,97,150.00,0.00,6),(17,12,98,80.00,0.00,2),(18,13,101,68.00,0.00,1),(19,14,93,80.00,0.00,9),(20,14,101,68.00,0.00,10),(21,15,99,125.00,0.00,5);
/*!40000 ALTER TABLE `order_line_items` ENABLE KEYS */;
UNLOCK TABLES;

--
-- Table structure for table `orders`
--

DROP TABLE IF EXISTS `orders`;
/*!40101 SET @saved_cs_client     = @@character_set_client */;
/*!40101 SET character_set_client = utf8 */;
CREATE TABLE `orders` (
  `id` int(11) NOT NULL AUTO_INCREMENT,
  `user_id` int(11) NOT NULL,
  `transaction_id` int(11) DEFAULT NULL,
  `refNo` varchar(20) DEFAULT NULL,
  `ordered_date` date NOT NULL,
  `billing_address` text NOT NULL,
  `shipping_address` text NOT NULL,
  `sub_total` decimal(6,2) NOT NULL,
  `gst` decimal(5,2) NOT NULL,
  `pst` decimal(5,2) NOT NULL,
  `total` decimal(6,2) NOT NULL,
  `status` enum('ordered','paid') NOT NULL,
  `created_at` datetime NOT NULL DEFAULT CURRENT_TIMESTAMP,
  `created_by` int(11) NOT NULL,
  `updated_at` datetime DEFAULT NULL,
  `updated_by` int(11) DEFAULT NULL,
  PRIMARY KEY (`id`),
  KEY `fk_user_order` (`user_id`),
  KEY `fk_order_transaction` (`transaction_id`),
  CONSTRAINT `fk_order_transaction` FOREIGN KEY (`transaction_id`) REFERENCES `transactions` (`id`) ON UPDATE NO ACTION,
  CONSTRAINT `fk_user_order` FOREIGN KEY (`user_id`) REFERENCES `users` (`id`) ON UPDATE NO ACTION
) ENGINE=InnoDB AUTO_INCREMENT=16 DEFAULT CHARSET=utf8mb4;
/*!40101 SET character_set_client = @saved_cs_client */;

--
-- Dumping data for table `orders`
--

LOCK TABLES `orders` WRITE;
/*!40000 ALTER TABLE `orders` DISABLE KEYS */;
INSERT INTO `orders` VALUES (1,15,NULL,'bf1001','2019-12-13','Osborne Winnipeg Manitoba R3L0E6','Osborne Winnipeg Manitoba R3L0E6',267.00,18.69,13.35,299.04,'ordered','2019-12-13 09:17:33',15,NULL,NULL),(2,15,NULL,'bf1002','2019-12-13','Osborne Winnipeg Manitoba R3L0E6','Osborne Winnipeg Manitoba R3L0E6',267.00,18.69,13.35,299.04,'ordered','2019-12-13 09:28:11',15,NULL,NULL),(3,15,NULL,'bf1003','2019-12-13','Osborne Winnipeg Manitoba R3L0E6','Osborne Winnipeg Manitoba R3L0E6',370.00,25.90,18.50,414.40,'ordered','2019-12-13 09:32:56',15,NULL,NULL),(4,15,1,'bf1004','2019-12-13','Osborne Winnipeg Manitoba R3L0E6','Osborne Winnipeg Manitoba R3L0E6',370.00,25.90,18.50,414.40,'paid','2019-12-13 09:34:51',15,NULL,NULL),(5,15,2,'bf1005','2019-12-13','Osborne Winnipeg Manitoba R3L0E6','Osborne Winnipeg Manitoba R3L0E6',135.00,9.45,6.75,151.20,'paid','2019-12-13 09:36:17',15,NULL,NULL),(6,4,3,'bf1006','2019-12-13','43 Empress Creek Winnipeg Manitoba G7Y 3B2','43 Empress Creek Winnipeg Manitoba G7Y 3B2',445.00,31.15,22.25,498.40,'paid','2019-12-13 12:13:12',4,NULL,NULL),(7,25,4,'bf1007','2019-12-13','43 Empress Creek Winnipeg Manitoba G7Y 3B2','43 Empress Creek Winnipeg Manitoba G7Y 3B2',85.00,5.95,4.25,95.20,'paid','2019-12-13 12:21:35',25,NULL,NULL),(8,25,5,'bf1008','2019-12-13','43 Empress Creek Winnipeg Manitoba G7Y 3B2','43 Empress Creek Winnipeg Manitoba G7Y 3B2',65.00,4.55,3.25,72.80,'paid','2019-12-13 12:26:39',25,NULL,NULL),(9,25,6,'bf1009','2019-12-13','43 Empress Creek Winnipeg Manitoba G7Y 3B2','43 Empress Creek Winnipeg Manitoba G7Y 3B2',70.00,4.90,3.50,78.40,'paid','2019-12-13 12:28:42',25,NULL,NULL),(10,25,7,'bf1010','2019-12-13','43 Empress Creek Winnipeg Manitoba G7Y 3B2','43 Empress Creek Winnipeg Manitoba G7Y 3B2',95.00,6.65,4.75,106.40,'paid','2019-12-13 13:13:05',25,NULL,NULL),(11,24,8,'bf1011','2019-12-13','33 hargrave street Winnipeg Manitoba R3c3t9','33 hargrave st Winnipeg Manitoba R3c3t9',136.00,9.52,6.80,152.32,'paid','2019-12-13 14:15:00',24,NULL,NULL),(12,26,9,'bf1012','2019-12-13','House no. 3 winnipeg canada 110025','House no. 4 winnipeg canada 1122399',1775.00,124.25,88.75,1988.00,'paid','2019-12-13 14:28:31',26,NULL,NULL),(13,27,10,'bf1013','2019-12-13','30 shepperd st. winnipeg manitoba R2P0W7','30 adsum drive winnipeg manitoba R2P0W7',68.00,4.76,3.40,76.16,'paid','2019-12-13 15:17:35',27,NULL,NULL),(14,1,11,'bf1014','2019-12-13','401 shepperd st Winnipeg manitoba R2P 7W4','4- adsum drive winnipeg maitoba r4t5y6',1400.00,98.00,70.00,1568.00,'paid','2019-12-13 16:50:39',1,NULL,NULL),(15,29,12,'bf1015','2019-12-13','666 Trumptown Drive Trumpville DC 6666666','555 Trumptiville Washinton Ontario H0h0h0',625.00,43.75,31.25,700.00,'paid','2019-12-13 16:50:45',29,NULL,NULL);
/*!40000 ALTER TABLE `orders` ENABLE KEYS */;
UNLOCK TABLES;

--
-- Table structure for table `products`
--

DROP TABLE IF EXISTS `products`;
/*!40101 SET @saved_cs_client     = @@character_set_client */;
/*!40101 SET character_set_client = utf8 */;
CREATE TABLE `products` (
  `id` int(11) NOT NULL AUTO_INCREMENT,
  `title` varchar(100) NOT NULL,
  `description` text NOT NULL,
  `price` decimal(5,2) NOT NULL,
  `quantity` int(11) NOT NULL,
  `max_days_for_delivery` int(11) NOT NULL,
  `reorder_level` int(11) NOT NULL,
  `image` varchar(200) DEFAULT NULL,
  `image2` varchar(200) DEFAULT NULL,
  `image3` varchar(200) DEFAULT NULL,
  `discount_applicable` tinyint(1) NOT NULL DEFAULT '0',
  `discount_in_price` decimal(5,2) DEFAULT '0.00',
  `discount_id` int(11) DEFAULT NULL,
  `deleted_at` datetime DEFAULT NULL,
  `created_at` datetime NOT NULL DEFAULT CURRENT_TIMESTAMP,
  `created_by` int(11) NOT NULL,
  `updated_at` datetime DEFAULT NULL,
  `updated_by` int(11) DEFAULT NULL,
  PRIMARY KEY (`id`),
  KEY `fk_product_discount` (`discount_id`),
  CONSTRAINT `fk_product_discount` FOREIGN KEY (`discount_id`) REFERENCES `discounts` (`id`) ON UPDATE NO ACTION
) ENGINE=InnoDB AUTO_INCREMENT=102 DEFAULT CHARSET=utf8mb4;
/*!40101 SET character_set_client = @saved_cs_client */;

--
-- Dumping data for table `products`
--

LOCK TABLES `products` WRITE;
/*!40000 ALTER TABLE `products` DISABLE KEYS */;
INSERT INTO `products` VALUES (1,'Mixed Roses - VASE INCLUDED','Picked fresh from the farm to offer your special recipient a bouquet that brings brilliant color to any of life\'s special occasions, our Mixed Rose Bouquet will delight your special recipient with each fragrant bloom. Hand gathered in select floral farms and boasting an array of bright hues, this assorted flower arrangement has been picked fresh for you to help you celebrate a birthday, anniversary, or express your thank you wishes.\r\nThis bouquet includes the following: mixed roses.\r\nAvailable with a selection of vases to fit your gifting needs.\r\nBEST bouquet is approximately 16\"H x 17\"W.\r\n\r\n<h4>STEMS</h4>\r\n<ul>\r\n	<li>Mixed</li>\r\n	<li>Rose</li>\r\n</ul>',55.00,400,7,50,'pepDTc9oLTwuwuifIamPLUi4yT3vqvMlIcjtsjRi.jpeg','iDS5KMrjBR8wKGmSAf2Ti6pwRva7Tucmi4jZ49Zh.jpeg','gBf2VGVSXZ1gVd6QJ2XpoGf5VEEtVsdv6OuWvolA.jpeg',1,10.00,NULL,NULL,'2019-12-09 18:34:53',3,'2019-12-09 18:53:49',3),(2,'Eternal Affection™ Arrangement- BASKET INCLUDED','Our Eternal Affection™ Arrangement is a simple yet elegant offering of your sympathy. A mix of fresh, white florals are beautifully arranged in a round handled basket to create a display of soft serenity. While it\'s perfectly sweet in size, this pick is best suited to be placed on a table or within a home. Better bouquet is approx. 18\"H x 14\"W. Best bouquet is approx. 20\"H x 15\"W.\r\n\r\n<strong>STEMS</strong>\r\n<ul>\r\n	<li>Carnation</li>\r\n	<li>Gladiolus</li>\r\n	<li>Lily</li>\r\n	<li>Peruvian Lily</li>\r\n</ul>',55.00,300,6,60,'IVVme2k5gzihdSuE0emlZk6XqQ5ll3kPThZz1cj0.jpeg','Ta7MWh6mQKsnAQpjLmweuTxeMTV5JqY1kMPV9I0r.jpeg','uPCTrW4WeZAwm0tjyK2CXqpWxBape71Q4R7zO37q.jpeg',0,15.00,NULL,NULL,'2019-12-09 19:37:15',4,'2019-12-09 19:37:15',NULL),(3,'Heartfelt Condolences™ Arrangement- BASKET INCLUDED','Let this exquisite composition of beautiful white blossoms deliver your sympathy and comfort loved ones grieving a loss. The elegance of this arrangement and its warm, homey basket base makes it an appropriate addition to any wake, funeral or graveside service, or to send to the home of family or friends. Handcrafted by a local FTD artisan florist of individually selected white roses, stock, cushion pompons and larkspur set among complementary greens for a memorable bouquet that evokes a tranquil sense of heavenly hope. BEST bouquet is approx. 23\"H x 22\"W.\r\n\r\n<strong>STEMS</strong>\r\n<ul>\r\n	<li>Larkspur</li>\r\n	<li>Rose</li>\r\n</ul>',100.00,320,5,50,'nmrqLT3itDqf1dQSWMvnmtYapMUCkRLRyCEBGHGd.jpeg','OtKc3Uwjrp4yqCCGkjY5Sdv4wz8DAkoNXMbtnaFc.jpeg','xEJL6lsJPoakhTG1WQZnTm8ckyIK3Lxe8SjJQo2S.jpeg',0,20.00,NULL,NULL,'2019-12-09 19:53:07',4,'2019-12-10 06:10:39',4),(4,'Exquisite Tribute™ Standing Spray','The Exquisite Tribute™ Standing Spray is an elegant display of sweet serenity. White roses, Asiatic lilies, chrysanthemums and mini carnations are artfully arranged amongst emerald palm fronds and lush greens. Accented by white satin ribbon and standing on a wire easel, this standing spray is an outstanding way to honor the life of your loved one.\r\nBEST spray is approximately 34\"H x 22\"W.\r\n\r\n<strong>STEMS</strong>\r\n<ul>\r\n	<li>Carnation</li>\r\n	<li>Lily</li>\r\n	<li>Rose</li>\r\n\r\n</ul>',150.00,300,5,60,'pTFpX0wMbm3cvC8ErCX7HRtJSUhBsDmxIWxWnPiA.jpeg','goNrKxb4YFXO5SMlJ77bE62NAqTW6BoXny5TFnhU.jpeg','vbfjueFu1gH1f4zqMbYrDUP6OjVRiVOYzsDwpiD0.jpeg',0,20.00,NULL,NULL,'2019-12-09 20:01:26',4,'2019-12-10 06:14:21',4),(5,'Peaceful Passage™ Arrangement','Let this exquisite bouquet deliver your sincere condolences at this time of loss and sadness. An always-appropriate mixed bouquet of white roses, carnations, gladioli, football chrysanthemums, LA hybrid lilies, and million star gypsophelia plus an assortment of lush greens comes hand-arranged in a charming white wood chip basket by a local FTD artisan florist.\r\nBEST bouquet is approx. 28\"H x 24\"W.\r\n\r\n<strong>STEMS</strong>\r\n<ul>\r\n	<li>Carnation</li>\r\n	<li>Lily</li>\r\n	<li>MIxed</li>\r\n	<li>Rose</li>\r\n\r\n</ul>',99.00,500,4,50,'r2Tj2aFFaEGEjqFvY5qrk1XGbEWSQOg7nl1BUU2F.jpeg','vl3A9uuUzxsTeMvfxb2o3tUcSI65P5cX0Ab7qQsJ.jpeg','Pj8STMGOF51MxUyiYCPrnZqJwgGB35f8ol5L1Kop.jpeg',0,15.00,NULL,NULL,'2019-12-09 20:07:12',4,'2019-12-10 06:18:47',4),(6,'Greater Glory™ Basket','Celebrate the life of a departed friend or family member with an exuberant and patriotic bouquet of red, white and blue flowers. Comforting memories of a life lived in service to the country are bought to mind with red and white roses, white gladioli and Oriental lilies, and blue hydrangeas beautifully arranged in a simply lovely white woodchip basket. Perfect for floor or tabletop display at a wake, for an altar or in a sanctuary at the funeral or to send to the home of grieving family and friends.\r\n\r\nGOOD arrangement is approximately 25\"H x 19\"W.\r\n\r\nBETTER arrangement is approximately 27\"H x 19\"W.\r\n\r\nBEST arrangement is approximately 27\"H x 21\"W.\r\n\r\n<strong>STEMS</strong>\r\n<ul>\r\n	<li>Hydrangea</li>\r\n	<li>Lily</li>\r\n	<li>Rose</li>\r\n\r\n</ul>',135.00,500,5,6,'TVbp78GlsYqREScmEVKPmA38890ZDMkLYzI1iUYe.jpeg','ruTZJsGlaYIQCaCLpyHqA3Oq2hVrUsP3wV3rJWzh.jpeg','flfcY2kScXmVnGWeWFatsKtmM0csUEdZNV9Uer9e.jpeg',0,30.00,NULL,NULL,'2019-12-09 20:23:35',4,'2019-12-10 06:25:54',4),(7,'Morning Stars™ Arrangement','The Morning Stars™ Arrangment is a brilliant expression of peace and soft serenity. White roses, carnations, gladiolus, stock and Oriental lilies are accented with the bright green stems of Bells of Ireland and a gorgeous assortment of lush greens, while seated in a designer plastic urn to create a beautiful way to honor the life of the deceased.\r\nArrangement is Approximately 45\"H x 36\"W.\r\n\r\n\r\n<strong>STEMS</strong>\r\n<ul>\r\n	<li>Bells of Ireland/li>\r\n	<li>Carnation</li>\r\n	<li>Gladiolus</li>\r\n	<li>Lily</li>\r\n	<li>Rose</li>\r\n</ul>',150.00,350,5,60,'KVWBBOhcTfLnzo7CG57PV6dTXcoKQU4hhl60qHMV.jpeg','UVXXymnvURINfE4tioRQomQcWyF0MS91jOqQ18fj.jpeg','RyGXFZuUQWhs5HhMtktX3XH9wvCA4hDlZNxXbwtQ.jpeg',0,15.00,NULL,NULL,'2019-12-09 20:54:14',4,'2019-12-10 06:29:28',4),(8,'Large Comfort™ Planter','The Comfort™ Planter offers unspoken words of hope and peace during this time of loss and sadness. Our stylish and sophisticated white ceramic planter holds an elegant 8\" peace lily plant, which exhibits brilliant white tear-shaped blooms amongst dark green foliage for a simply beautiful effect. For the final accent, the ceramic planter is tied with a single white ribbon with the word, \"Comfort,\" printed on it in black lettering, making this a wonderful way to say your final farewell and offer your sympathies to those left behind.\r\n\r\n<strong>STEMS</strong>\r\n<ul>\r\n	<li>Lily</li>\r\n</ul>',99.00,310,4,50,'wQmM9ozMocIxwGiZAdeRWbdmiVxgMmzunvAzav1w.jpeg','BJZh3T7ij8sYmuE3lCP70WwJxuJBwSBKaXGVHNoq.jpeg','ki25bieOwB0lS1X61tCKrOmPtIwjlORqvVg5eX9X.jpeg',0,10.00,NULL,NULL,'2019-12-09 21:04:57',4,'2019-12-09 21:04:57',NULL),(9,'Sleep in Peace™ Wreath','The Sleep in Peace™ Wreath is a soft expression of sympathy that will bring comfort and offer hope during the final farewell. Lavender gladiolus, pink Asiatic lilies, lavender chrysanthemums, pink mini carnations and lush greens are beautifully arranged in the form of a wreath for a sweet and colorful look. Displayed on a wire easel, this wreath is a lovely way to honor the life of the deceased.\r\nApproximately 22-inches in diameter.\r\n\r\n\r\n<strong>STEMS</strong>\r\n<ul>\r\n	<li>Carnation</li>\r\n	<li>Gladiolus</li>\r\n	<li>Lavander</li>\r\n	<li>Lily</li>\r\n</ul>',150.00,400,4,50,'CYaNAn1kgvBBj0o7WEXcyF8nz6Nv2ilPgR0PL1RN.jpeg',NULL,NULL,0,20.00,NULL,NULL,'2019-12-09 21:16:29',4,'2019-12-10 06:41:02',4),(10,'Warm Embrace™ Arrangement','A lovely way to say, \"farewell,\" this bright, beautiful arrangement expresses your sympathy with color, texture and floral artistry, while comforting grieving friends and family. This handcrafted bouquet is handcrafted by a local FTD florist and makes a vibrant statement with hot pink roses, pink and fuchsia carnations, purple stock, green spider chrysanthemums, mini-hydrangea and hypericum berries all accented with sword fern and salal in a low rectangle container of silvery metallic plastic. BEST bouquet is approximately 22\"H x 21\"W.\r\n\r\n<strong>STEMS</strong>\r\n<ul>\r\n	<li>Carnation</li>\r\n	<li>Fern</li>\r\n	<li>Fuchsia</li>\r\n	<li>Rose</li>\r\n</ul>',150.00,315,5,60,'KhvrFtzw9rne3TtgIlNCOA61MwYGFUAdA5UTroCo.jpeg','uhWRnkBxdRErnHTsEvdV54AIDkGczUvtfCYOZ4jh.jpeg','jSLLM22FkKUVatda2JyClMci8zJxaZmoYbdfw7pc.jpeg',0,20.00,NULL,NULL,'2019-12-10 04:26:23',4,'2019-12-10 06:06:03',4),(11,'The Wondrous Nature™ Bouquet - BASKET INCLUDED','The Wondrous Nature™ Bouquet is bountifully bedecked with a dazzling display of color and beauty. Stargazer lilies stretch their fuchsia petals out amongst an arrangement of blue iris, white traditional daisies, orange mini carnations, purple statice and yellow solidago in a round whitewash handled basket, creating a delightful bouquet your special recipient will adore\r\nBEST bouquet approximately 17\"W x 14\"W.\r\nLilies may arrive in various stages of development. The lily blooms will continue to open, extending arrangement life - and your recipient\'s enjoyment..\r\n\r\n\r\n<strong>STEMS</strong>\r\n<ul>\r\n	<li>Carnation</li>\r\n	<li>Daisy</li>\r\n	<li>Fuchsia</li>\r\n	\r\n</ul>',80.00,350,4,50,'eagcIv2kzj22J3LBFFy52NeWY9hrac0PrFE5jnNW.jpeg','3jPg1HrOW7NZCJgmIPAd88vehM8PLQ936ydlgLpD.jpeg','Dg7XPMT68FLL3d83JHiqeVb5QwIG3SWW2XnDJHPQ.jpeg',0,10.00,NULL,NULL,'2019-12-10 04:39:50',4,'2019-12-10 04:39:50',NULL),(12,'Cherished Farewell™ Arrangement','The Cherished Farewell™ Arrangement is an elegant display of patriotic beauty to honor your loved one at their final farewell service. Red roses, red carnations, white gladiolus, light blue delphinium, blue iris, white Oriental lilies, white Asiatic lilies and lush greens are elegantly arranged in a white plastic urn to create a stunning way to say your last goodbye.\r\nBEST arrangement is approximately 36\"H x 30\"W.\r\n\r\n<strong>STEMS</strong>\r\n<ul>\r\n	<li>Carnation</li>\r\n	<li>Delphinium</li>\r\n	<li>Gladiolus</li>\r\n	<li>Iris</li>\r\n	<li>Lily</li>\r\n	<li>Rose</li>\r\n</ul>',130.00,360,5,70,'vPgK1CgeAi39B5wTTR16Hp6c87PK83J9FfQDDOq4.jpeg','xRW3qzSLqJYJ4PRQN2eTUEVAYbmcLojRDrKAa7QK.jpeg','wzA12wU5ClID7knHI0Zal1K7UgWcoSqeQKSkqeoi.jpeg',0,15.00,NULL,NULL,'2019-12-10 04:50:04',4,'2019-12-10 06:02:22',4),(13,'Treasured Tribute™ Wreath','The Treasured Tribute™ Wreath offers peaceful wishes of heartfelt sympathy with each delicate bloom. Bright white roses, Asiatic lilies, mini carnations and cushion poms are beautifully arranged to form an elegant wreath accented wth lush and vibrant greens. Displayed on a wire easel, this gorgeous tribute is a wonderful symbol of eternal life and sweet serenity.\r\nApproximately 22\" in diameter.\r\n\r\n<strong>STEMS</strong>\r\n<ul>\r\n	<li>Carnation</li>\r\n	<li>Lily</li>\r\n	<li>Rose</li>\r\n</ul>',150.00,400,5,50,'pPVng2DV2Djhna2TcKjdkcxZURMZjBC4S9FMQB1I.jpeg',NULL,NULL,0,20.00,NULL,NULL,'2019-12-10 04:55:53',4,'2019-12-10 04:55:53',NULL),(14,'Soldier Salute™ Standing Spray','The Soldier\'s Salute™ Standing Spray is a gorgeous tribute to a life that was lived with honor and service for our country. Red roses and mini carnations are offset by white chrysanthemums and lush greens beautifully arranged in an oval design and accented with American Flags. Standing on a 48-inch wire easel, this standing spray will bring color and light to their final ceremony.\r\n\r\n\r\n<strong>STEMS</strong>\r\n<ul>\r\n	<li>Carnation</li>\r\n	<li>Rose</li>\r\n</ul>',100.00,300,4,60,'jyxEMuxs0xzDdr1op3kZEW4BempyViKN33MNK0C8.jpeg','Mls6XZaoXBcUxTixcconoZ6z34DGb17AWxRkBmpD.jpeg','zW30bp7AVNYnnJedVsaYXR4EcQmRikNzFJVtZxr2.jpeg',0,20.00,NULL,NULL,'2019-12-10 05:12:00',4,'2019-12-10 05:12:01',NULL),(15,'Broken Heart™','The Broken Heart™ is a beautiful way to express the impact that the departed had on your life. Pearly white chrysanthemums form the shape of a heart, accented with greens lined around the oustide and \"broken\" in the middle with a line of rich red roses to create an exquisite way to honor the life of the deceased at their memorial service. Displayed on a wire easel.\r\nApproximately 22\"H x 22\"W.\r\n\r\n\r\n<strong>STEMS</strong>\r\n<ul>\r\n	<li>Rose</li>\r\n</ul>',100.00,330,6,60,'sq0TxV44MEs7SOtIVLyNHt7LWmC7KJuEauLA54xw.jpeg',NULL,NULL,0,15.00,NULL,NULL,'2019-12-10 05:19:19',4,'2019-12-10 05:19:19',NULL),(16,'Pastel Peace™ Basket','The Pastel Peace™ Basket is a sweet and simple way to offer your condolences. Lavender roses, fuchsia gerbera daisies, lavender daisies, purple larkspur, purple matsumoto asters, pink mini carnations and lush greens are arranged to perfection in a round whitewash handled basket to create a gift that expresses your wishes for sympathy and peace.\r\nBEST basket is Approximately 19\"H x 16\"W.\r\n\r\n\r\n<strong>STEMS</strong>\r\n<ul>\r\n	<li>Aster</li>\r\n	<li>Carnation</li>\r\n	<li>Daisy</li>\r\n	<li>Fuchsia</li>\r\n	<li>Gerbera Daisy</li>\r\n	<li>Lakspur</li>\r\n	<li>Lavander</li>\r\n	<li>Rose</li>\r\n</ul>',95.00,400,4,50,'LonxPnUnGtOw0txryYPj3oo7zbDUmB9Wmrsi9BBb.jpeg','ETmplI57QfiwttNsBZ6ale8BOXYs656SFIgrWLsP.jpeg','W8XlSljKleKl9VAz49a5YGR2TqJ5vXXCUAl17EYD.jpeg',0,10.00,NULL,NULL,'2019-12-10 05:27:05',4,'2019-12-10 05:57:03',4),(17,'Whispering Love™ Arrangement - BASKET INCLUDED','This fresh, pink bouquet makes a perfect tribute to honor a special someone who, friends, colleagues and family remember as \"simply sweet.\" This understated tribute handcrafted by an FTD artisan florist is a lovely pink arrangement of roses, larkspur, carnations, gerbera daisies and Asiatic lilies beautifully accented with vibrant greens in a white basket. It brings a touch of color and beauty for a wake, funeral service or to console family or friends at home. BEST is approximately 20\"H x 16\"W.\r\n\r\n<strong>STEMS</strong>\r\n<ul>\r\n	<li>Carnation</li>\r\n	<li>Daisy</li>\r\n	<li>Laskspur</li>\r\n	<li>Lily</li>\r\n	<li>Rose</li>\r\n</ul',100.00,280,4,60,'Zq4BlTEyzDmZaC69Gqrz64gZxvMDy4zTrLNCu3oh.jpeg','REiQlVmJRdG2dXtnHaIbCJcJh6mWo5zFJCk1Z46m.jpeg','66nSd6M1aX67LzgvwkASfnj59M5bZwz1n5g8XTmM.jpeg',0,10.00,NULL,NULL,'2019-12-10 05:35:05',4,'2019-12-10 05:35:06',NULL),(18,'Eternal Light™ Bouquet','The Eternal Light™ Bouquet is an exquisite arrangement that will bring a luminous beauty to life\'s most precious moments. An exquisite glass cross is surrounded by white roses, gladiolus, Peruvian Lilies, Oriental Lilies, vibrant Boston fern fronds and lush greens to create a wonderful arrangement ideally suited for a memorial service, baptism, First Communion, christening or wedding.\r\nGOOD bouquet, approximately 7\"H x 28\"W.\r\nBETTER bouquet, approximately 7\"H x 29\"W.\r\nBEST bouquet, approximately 8\"H x 30\"W.\r\n\r\n\r\n<strong>STEMS</strong>\r\n<ul>\r\n	<li>Fern</li>\r\n	<li>Gladiolus</li>\r\n	<li>Lily</li>\r\n	<li>Peruvian Lily</li>\r\n	<li>Rose</li>\r\n</ul>',90.00,300,5,50,'wAJo7cmylE7zb9CUpxZYvzjYTlrmSN8EY7nc7eBL.jpeg','CbKvjJAfplzsBlpeKXYSv0qoy0MjJsgLwhdaJdHz.jpeg','m3VzIti4X0fR7jnbhWPwmSUYScdoGnX2YxkZMRWK.jpeg',0,10.00,NULL,NULL,'2019-12-10 05:43:56',4,'2019-12-10 05:43:56',NULL),(19,'Rays of Solace™ Bouquet','The Rays of Solace™ Bouquet is a cheerful burst of color to extend your deepest sympathies. Crème de la Crème roses, orange gerbera daisies, purple lisianthus, green button poms and a mix of vibrant greens are beautifully arranged in a clear glass gathering vase to create a warm bouquet expressing hope with every colorful bloom.\r\nBEST bouquet is approximately 20\"H x 15\"W.\r\n\r\n\r\n<strong>STEMS</strong>\r\n<ul>\r\n	<li>Daisy</li>\r\n	<li>Gerbera Daisy</li>\r\n	<li>Rose</li>\r\n</ul>',80.00,260,4,60,'UBZAa7fusFQWxNUpL6tPBbUeORRHkmciBy7Qb9cz.jpeg','aboKSXQpvXdHBn0injLpwTNEVNPYbMNPNTFwO39e.jpeg','OB39JUkXFCFgwFOGY5JTL2kStmHyMre2Oq82ghHg.jpeg',0,10.00,NULL,NULL,'2019-12-10 05:51:19',4,'2019-12-10 05:51:19',NULL),(20,'Endless Elegance Bouquet - VASE INCLUDED','Picked fresh from the farm to bring simple sophistication and clean, classic beauty to your special recipient\'s home or office, the Endless Elegance Bouquet is an impressive gift for any occasion. Hand gathered in select floral farms and showcasing the bright white that only blossoms from open cut calla lilies and roses perfectly surrounded by lush, vibrant greens, this bouquet is picked fresh for you to help you express your thanks, convey your deepest sympathies, or congratulate friends and family on an engagement or wedding.\r\nThis bouquet includes: white calla lilies, white roses and vibrant green palm leaves. Presented with a clear glass vase.\r\nBEST bouquet is approximately 18-inches in height.\r\n\r\n\r\n<strong>STEMS</strong>\r\n<ul>\r\n	<li>Calla Lily</li>\r\n	<li>Lily</li>\r\n	<li>Rose</li>\r\n</ul>',70.00,250,4,60,'LJhlHQhr7ErbJW1d5gDiHUFFo18Z1dHpYXElwio5.jpeg','jdntJRlNecDq1iK8lVYBRRzYfDfHb2O2w3WqFMwm.jpeg','aUh5fLI7dvB2PEW90ChxRGs8b6fmQ8xz3oBXmd1o.jpeg',0,10.00,NULL,NULL,'2019-12-10 06:43:51',4,'2019-12-10 06:43:51',NULL),(21,'Gala™ Luxury Bouquet - Deluxe','There\'s something about simplicity that just gives off the sense elegance. Comprised of classic white blooms and luscious greens set in a subtle blue heavyweight glass vase, the pure beauty of the bouquet instantly draws you in. Vendela roses, snapdragons, and hydrangea capture a truly refined bouquet. IMPRESSIVE bouquet is approx. 17\'\'H x 17\"W. STUNNING bouquet is approx. 18\"H x 19\"W.\r\n\r\n\r\n<strong>STEMS</strong>\r\n<ul>\r\n	<li>Eucalyptus</li>\r\n	<li>Hydrangea</li>\r\n	<li>Snapdragon</li>\r\n	<li>Rose</li>\r\n</ul>',160.00,200,4,50,'0sgrhootnsnVR5ASEVPaxqz4jRKPiLW40TW8S2Ls.jpeg','FDvNuhRrhrf4o8PeS6BqyqS0XQVRPdVt5QM396Z2.jpeg',NULL,0,10.00,NULL,NULL,'2019-12-10 06:52:00',4,'2019-12-10 06:52:01',NULL),(22,'Beyond Blue™ Bouquet - VASE INCLUDED','Our Beyond Blue Bouquet features lilies, roses, carnations and lush greens to captivate your recipient. A collection of brilliant white blooms is contrasted by a stunning and bold blue vase. This arrangement makes an excellent thank you, get well or engagement gift! For sharing your sympathies, this bouquet is best fit to send to a home or residence.\r\n\r\n\r\n<strong>STEMS</strong>\r\n<ul>\r\n	<li>Carnation</li>\r\n	<li>Lily</li>\r\n	<li>Rose</li>\r\n</ul>',55.00,320,5,50,'hSzIkLLjtTxB4DitRGKLA3AgMPBAc7265xcTpkuQ.jpeg','A6qs6y2FWQnWSFAsVrszzhGuUdQ1pQUb1PiChh9f.jpeg','pwBnxMaZX7Sg3O8CyluGNqmxS5uaEJOF160wmORO.jpeg',0,0.00,NULL,NULL,'2019-12-10 07:02:20',4,'2019-12-10 07:02:21',NULL),(23,'Extreme Blue Hues Fiesta Rose Bouquet - 12 Stems - VASE INCLUDED','Picked fresh from the farm, the Extreme Blue Hues Fiesta Rose Bouquet is a burst of vibrant color that adds that extra special touch to any occasion! Hand gathered at select floral farms, these bright blue hand-dyed roses offer an eye-catching look intense color to create a unique bouquet, picked fresh for you to turn any celebration into an extraordinary time, making it the perfect birthday, Father\'s Day, or thank you gift.\r\nBouquet includes: hand-dyed blue rainbow roses. Available with a blue glass vase.\r\nBETTER bouquet includes 12 stems with blue vase.\r\nApproximately 19\"H x 14\"W.\r\n\r\n\r\n<strong>STEMS</strong>\r\n<ul>\r\n	<li>Rose</li>\r\n</ul>',70.00,300,4,60,'HzVDzHdOkraPshmBgN23FxadlsbCtL3nz0seO4LX.jpeg','E7K91iss4jSwlCNszCaxz70eAnuAiNKOPVefOFdM.jpeg',NULL,0,0.00,NULL,NULL,'2019-12-10 07:09:14',4,'2019-12-10 07:09:14',NULL),(24,'Alluring Elegance™ Bouquet','Our Alluring Elegance Bouquet is a striking array of ivory and green. Handcrafted using Asiatic lilies interwoven with white Veronica, white stock, Queen Anne\'s lace, silver dollar eucalyptus and seeded eucalyptus, this bouquet graces every room with a touch of elegance. GOOD bouquet is approx. 17\"H x 14\"W. BETTER bouquet is approx. 18\"H x 17\"W. BEST bouquet is approx. 19\"H x 18\"W.\r\n\r\n\r\n<strong>STEMS</strong>\r\n<ul>\r\n	<li>Rose</li>\r\n</ul>',90.00,250,4,50,'a1hMmqabO4J2J3R9f4hueGoLeWmqqHAedMthWJJM.jpeg','bPLSAgeHy0dTWwalzxX7V6HIX4owr1rZXqT4gHgY.jpeg','SiEneTVY0sIiLJY1KE5TYOlhBLF8p5P8g5SCoopU.jpeg',0,0.00,NULL,NULL,'2019-12-10 07:14:41',4,'2019-12-10 07:14:41',NULL),(25,'Winter Bliss™ Bouquet','This winter, share a message of joy and happiness through radiant blooms. Our Winter Bliss Bouquet is inspired by the glimmer of fresh snow and comprised of white roses, white lilies, baby blue eucalyptus, babies breath and a snowflake pic. Pure white flowers and lush greens are accented by an iridescent vase with geometric detailing, making it a unique gift for a winter birthday or a housewarming gift for a close friend!\r\nGOOD bouquet is approx. 16\"H x 14\"W\r\nBETTER bouquet is approx. 18\"H x 16\"W\r\nBEST bouquet is approx. 20\"H x 17\"W\r\n\r\n\r\n<strong>STEMS</strong>\r\n<ul>\r\n	<li>Rose</li>\r\n</ul>',90.00,200,6,40,'bBEATjyrgbr5ggxLLsJBjkATs0dO8JVy8Qwgs2QN.jpeg','DU52z9xhltJX2oVhvSDtwMt3UHvD9jv0zG4LXd6x.jpeg','EVYu8SW8VRIHLiWZfgc9E5sWAoODw9q6aUnvY28z.jpeg',0,10.00,NULL,NULL,'2019-12-10 07:20:12',4,'2019-12-10 07:20:12',NULL),(26,'Faithful Guardian™ Bouquet - VASE INCLUDED','A renewal of faith and an offering of peace, The Faithful Guardian™ Bouquet is a gift that speaks from your heart to theirs. Reflecting the colors of the most majestic sky and the deep blue hues of running waters, this flower arrangement brings together white roses and white button poms with blue Bella Donna Delphinium and blue hydrangea, accented with Dusty Miller stems and lush greens. Presented in a keepsake modern deep blue glass vase with metallic banding, this stunning bouquet is set to make a memorable sympathy, thank you, or thinking of you gift. GOOD bouquet is approx. 15\"H x 12\"W. BETTER bouquet is approx. 16\"H x 13\"W. BEST bouquet is approx. 18\"H x 15\"W. EXQUISITE bouquet is approx. 18\"H x 16\"W.\r\n\r\n\r\n<strong>STEMS</strong>\r\n<ul>\r\n	<li>Delphinium</li>\r\n	<li>Hydrangea</li>\r\n	<li>Rose</li>\r\n</ul>',99.00,400,3,60,'IFa2fDOAf3fqxs3ukOimpS2StLurfrukgPLzREst.jpeg','AuFniVAIe9sxHzK22VWapPEz5xdlr47dvo7emGDw.jpeg','ZkVwstZDebB5OCJj7mimQ3cCCqoalU9X8elXrOc1.jpeg',0,10.00,NULL,NULL,'2019-12-10 07:27:21',4,'2019-12-10 07:27:21',NULL),(27,'Pure Opulence™ Luxury Bouquet - VASE INCLUDED','This is a classic take on gray and white exhibited at the base with this trend forward Morrocan inspired patterned vase. Nothing is as sophisticated as white on white which is why we brought together white roses and white Oriental Lilies to create a look meant to give you that high end feel. Offset by Dusty Miller leaves that brings the overall look together and compliments the vase perfectly, this flower bouquet was designed to bring a touch of modern elegance to your special recipient\'s every day. IMPRESSIVE bouquet includes vase. Approx. 19\"H x 15\"W. STUNNING bouquet includes vase. Approx. 21\"H x 17\"W.\r\n\r\n\r\n<strong>STEMS</strong>\r\n<ul>\r\n	<li>Lily</li>\r\n	<li>Rose</li>\r\n</ul>',130.00,320,3,50,'L8TobqY4JTP69Ih6f9CLD1PsLlCWy33P6IWSYlMe.jpeg','KigPSdmE5zxnc0M5ez8hQ63ncoHV9gA3YtxJmWVy.jpeg','2WA5Gy0NPtPA2UHHQgApxp2rtWG3v4kelweHGOE8.jpeg',0,10.00,NULL,NULL,'2019-12-10 07:34:32',4,'2019-12-10 07:34:32',NULL),(28,'Superior Sights™ Luxury Bouquet - VASE INCLUDED','Clusters of blue and green hydrangea give this floral arrangement a fresh focus, drawing the eye with pops of white roses and snapdragons perfectly placed with an artist\'s eye to create an unforgettable moment upon delivery. Notice how the flax leaves are placed within the arrangement to give it all a sense of movement and grace, taking the design aesthetic to a new level of sophistication. The subtle light blue color of the vase helps to bring forth the blues and greens within the bouquet, making this both a warm and airy design that will help you send a gift that truly speaks from your heart. IMPRESSIVE bouquet includes vase. Approx. 19\"H x 14\"W. STUNNING bouquet, Approx. 21\"H x 16\"W.\r\n\r\n<strong>STEMS</strong>\r\n<ul>\r\n	<li>Flax</li>\r\n	<li>Hydrangea</li>\r\n	<li>Rose</li>\r\n	<li>Snapdragon</li>\r\n</ul>',130.00,250,5,50,'unCkcmZi2WFAvVgN1WlMUAFGS0m1rnIre6Ja1BcN.jpeg','xnhYXmxKDVYjbpA7YKPOdA23jb43RqJOSRfP5tH5.jpeg','Z0uh9jzlcpf24B7hXC2N3dsAu53NdwhbNCa4FXuO.jpeg',0,10.00,NULL,NULL,'2019-12-10 07:42:49',4,'2019-12-10 07:42:49',NULL),(29,'Hope Heals™ Luxury Bouquet - VASE INCLUDED','Offering a ray of light within what can be a dark place when grieving the loss of a loved one, The Hope Heals™ Luxury Bouquet is a unique and sophisticated way to show how much you care for your recipient and the memory of the deceased. An exquisite arrangement designed by our floral experts, this gorgeous bouquet brings together ivory roses, fragrant white gilly flowers, clouds of white hydrangea and star-shaped white Asiatic Lilies. Accented with asparagus fern fronds and variegated foliage, this sympathy bouquet is presented in a keepsake faceted clear glass vase to create an exceptional look that is not only a tribute to a life well lived, but a comfort to those left behind. IMPRESSIVE bouquet is approx. 23\"H x 19\"W. STUNNING bouquet is approx. 25\"H x 21\"W.\r\n\r\n\r\n<strong>STEMS</strong>\r\n<ul>\r\n	<li>Fern</li>\r\n	<li>Hydrangea</li>\r\n	<li>Lily</li>\r\n	<li>Rose</li>\r\n</ul>',170.00,200,3,50,'6tT05xI1Pa4HhrbZiIGJpuHK4y1lla8K2GH6k6HR.jpeg','cuEMTfjNvnKHoNRE6lE6BQykeEt8Ey1IJ643n96B.jpeg','46DHwamQ4XJUqnHXChXwwI54ZOwsQtBc7arhkrUm.jpeg',0,20.00,NULL,NULL,'2019-12-10 07:49:16',4,'2019-12-10 07:49:16',NULL),(30,'The White Rose Bouquet - VASE INCLUDED','The beauty of white roses is unchallenged. Representing innocence, their versatility makes them a favorite gift to offer congratulations for graduation, engagements, bridal showers, new baby, or even a gift of sympathy.\r\nBEST bouquet is approximately 22\"H x 18\"W.\r\n\r\n\r\n<strong>STEMS</strong>\r\n<ul>\r\n	<li>Rose</li>\r\n</ul>',110.00,230,4,50,'OKTs6WmnsZGSRFAnCC5lmcYe7ulJCgTLX7secese.jpeg','sfAqJg30MW9YZUyuq6J97g8kqa4el1kgpfLm2XFB.jpeg','AEcDm8IpKUGLRAq8wOHWt5srp1ukcXiU8JTgxiti.jpeg',0,10.00,NULL,NULL,'2019-12-10 08:03:32',4,'2019-12-10 08:03:32',NULL),(31,'Serenity™ Bouquet','A classic combination of ivory blooms and luscious greens make up our Serenity Bouquet. Comprised of white roses, double and snapdragons within a soft gray ceramic vase, this bouquet shines with beauty and elegance. Give this arrangement to add a divine and serene touch to wherever its placed. GOOD bouquet is approx. 18\"H x 16\"W. BETTER bouquet is approx. 20\"H x 18\"W.\r\n\r\n<strong>STEMS</strong>\r\n<ul>\r\n	<li>Rose</li>\r\n	<li>Snapdragon</li>\r\n	<li>Peruvian Lily</li>\r\n	<li>Carnation</li>\r\n</ul>',85.00,250,4,50,'lHGVSJrvAGx4rv8ggF5Ks9FYyHXy4xJqdUW1GiiK.jpeg','qnX0PkOqk7big0gorJWczTgfMjqf62l6O5iXJRLm.jpeg','r5bOiS4OJjNwjM5Es7iQZX9agnHsFY2IfBj5C6QY.jpeg',0,10.00,NULL,NULL,'2019-12-10 15:47:00',4,'2019-12-10 15:47:00',NULL),(32,'The FTD® Truly Stunning™ Bouquet','Share a smile with your loved ones through a bouquet filled with stunning beauty and heartfelt joy. Comprised of vivid red roses, purple double lisianthus, pink lilies and red spray roses within a clear glass vase, vibrant color bursts from every bloom. Make their day brighter with a gift that is Truly Stunning™!\r\n\r\n<strong>STEMS</strong>\r\n<ul>\r\n	<li>Rose</li>\r\n	<li>Lily</li>\r\n</ul>',90.00,250,3,50,'KFUKtP1tfGtfpYNmica31dB6v13rU5cGKktJkVbL.jpeg','N976rouvcq7bLvcX1aDXal7O8BQuJLbUcT9Hm5OQ.jpeg','0W8PAg0U3BO9YipjM0X5gC4a6siXdYZnjCgWEowG.jpeg',0,10.00,NULL,NULL,'2019-12-10 15:53:19',4,'2019-12-10 15:53:19',NULL),(33,'The FTD® You\'re Precious™ Bouquet','Handcrafted and inspired by the gorgeous hues of the season, the You\'re Precious™ Bouquet is full of sweet sentiment for your favorite person. Hot pink roses, red carnations, pink alstroemeria, and pale pink carnations come together in a clear glass vase to make any room feel beautiful and light. From special birthdays to simply just because, this arrangement is a stunning gift to give your loved ones for every occasion.\r\n\r\n\r\n<strong>STEMS</strong>\r\n<ul>\r\n	<li>Rose</li>\r\n	<li>Lily</li>\r\n	<li>Peruvian Lily</li>\r\n	<li>Carnation</li>\r\n</ul>',75.00,200,4,50,'UBZARRb5CWQ5g1jDmtno72ovHuxJ4i0TmsBlWAiV.jpeg','bts6RQqwTOwFOXAfIw2O4xli7CfLZtTk32dxMSG1.jpeg','jLbE1gWwoqdIr0E3sf6DreOYfF2wAjZ8BJUD90Yf.jpeg',0,10.00,NULL,NULL,'2019-12-10 16:19:24',4,'2019-12-10 16:19:24',NULL),(34,'Sweet & Pretty™ Bouquet - Premium','The true beauty of this bouquet is within the sweet colors of the flowers. An array of hot pink roses, pale pink alstroemeria and more are set in a glass cylinder vase, making a wonderful gift to light up the face of its recipient. GOOD bouquet 14\"H x 14\"W. BETTER bouquet is approx. 15\"H x 15\"W. BEST bouquet is approx. 16\"H x 16\"W.\r\n\r\n\r\n<strong>STEMS</strong>\r\n<ul>\r\n	<li>Carnation</li>\r\n	<li>Rose</li>\r\n</ul>',70.00,220,3,6,'IQHWDCELjfjLekEN8sAEGtcB0875pChu2VuPTUFz.jpeg','Dmv6hgUHFnHdbbR3uiOM0KMbUHrYMmuJLTSBUpaC.jpeg','5oEEpOfoQ1NmPisTxBe9RpohXT7C1dZhiDuT97qW.jpeg',0,10.00,NULL,NULL,'2019-12-10 16:24:58',4,'2019-12-10 16:24:58',NULL),(35,'The Sweet Surprises® Bouquet - VASE INCLUDED','The Sweet Surprises® Bouquet was created to spread love and caring kindness wherever it might be sent! Hot pink bi-colored roses and hot pink and pale pink mini carnations pop with their blushing hues, arranged amongst the clean white petals of traditional daisies and lush greens. Presented in a clear glass vase, this gorgeous fresh flower arrangement brings a fresh excitement to your special recipient\'s day, whether it is sent for a special occasion, such as a birthday, or simply to let them know how much you care. GOOD bouquet is approx. 14\"H x 12\"W. BETTER bouquet is approx. 15\"H x 13\"W. BEST bouquet is approx. 15\"H x 14\"W. EXQUISITE bouquet is approx. 16\"H x 15\"W.\r\n\r\n<strong>STEMS</strong>\r\n<ul>\r\n	<li>Carnation</li>\r\n	<li>Daisy</li>\r\n	<li>Rose</li>\r\n</ul>',50.00,216,3,50,'Xc5KGWDH2zBd4NAx0KBVk0PrSS78XkqZGg2nc0vL.jpeg','71EdSa5RYiFqWsEC5D34QW5uV7OgCJfjMEGufKQ5.jpeg','korHNvXjuMXZKxEzFvOrKHmHbj8DHbSxb225Ymx4.jpeg',0,10.00,NULL,NULL,'2019-12-10 16:32:19',4,'2019-12-10 16:32:19',NULL),(36,'The FTD Long Stem Red Rose Bouquet','Nothing speaks of love so much as a bouquet of beautiful long stem red roses. Arranged in a classic glass vase, this bouquet is a gift to her heart from yours.\r\n\r\n\r\n<strong>STEMS</strong>\r\n<ul>\r\n	<li>Rose</li>\r\n</ul>',120.00,199,3,50,'IshLI86TQkFkn1owcG2TY335EGyy0cZVu1PJSLPD.jpeg','qkJC9cDPo4sYWwu0Ccs9lRaSaF15W8w2cdK0bqZt.jpeg','VchAPBGZXEA7ZMm7FLM01yzpgNcWNqyfcdNTi5qi.jpeg',0,10.00,NULL,NULL,'2019-12-10 16:37:32',4,'2019-12-10 16:37:32',NULL),(37,'12 Red Roses with Glass Vase','Picked fresh from the farm to offer your special recipient a gift straight from the heart, our stunning Red Rose Bouquet is a classic romantic gesture that will have them falling head over heels in love with each exquisite bloom. Hand gathered in select floral farms and flaunting a rich red hue, this stunning flower arrangement has been picked fresh for you to help you celebrate a birthday, anniversary, or convey your message of love and sweet affection.\r\nThis bouquet includes the following: red roses\r\nAvailable with a wide variety of vases to suit your every gifting need.\r\nGOOD bouquet is approximately 16\"H x 10\"W.\r\n\r\n<strong>STEMS</strong>\r\n<ul>\r\n	<li>Rose</li>\r\n</ul>',45.00,203,3,50,'Wmmxdwm3PkY0bRkqy2JO2wa1WuQbBNgJo3H6EriS.jpeg','Qn6YfMHvaDCpjsntuOOw2tT1lpzzQIez9Wwq1njM.jpeg','osNgx3kDjn0jOkorpnCeTWbXCRnRPbFtrXONidar.jpeg',0,0.00,NULL,NULL,'2019-12-10 16:46:25',4,'2019-12-10 16:46:25',NULL),(38,'Lavender Fields Mixed Flower Bouquet - VASE INCLUDED','Picked fresh from the farm to offer your special recipient a bouquet blooming with a sweet appeal, the Lavender Fields Mixed Flower Bouquet is set to send your warmest greetings to friends and family near and far. Hand gathered in select floral farms and boasting a soft array of enchanting colors, including lavender, purple, and white, this gorgeous flower arrangement has been picked fresh for you to help you celebrate a birthday, or express your thank you or get well wishes.\r\nThis bouquet includes the following: white Asiatic Lilies, Purple Super Select Alstroemeria, Purple Button Pom, Lavender Daisy Pom, Purple Sinuata Statice, and an assortment of lush greens.\r\nAvailable with a wide variety of vases to suit your every gifting need.\r\n\r\n\r\n<strong>STEMS</strong>\r\n<ul>\r\n	<li>Daisy</li>\r\n	<li>Lavander</li>\r\n	<li>Lily</li>\r\n	<li>Mixed</li>\r\n</ul>',45.00,199,3,60,'dRj8tJtbWTWbPrpwAI1gSIKXA5BCWfoSSaznZnL5.jpeg','HAzh98GRfh12G1gJKpTtyCsk0XRnAMJuqqsh3yiE.jpeg','nqRYtySTYcuLTfWEBrFXEjmAbrfyyZS10YFQFLKh.jpeg',0,0.00,NULL,NULL,'2019-12-10 17:08:19',4,'2019-12-10 17:08:20',NULL),(39,'Best Day™ Bouquet- VASE INCLUDED','The Best Day™ Bouquet is ready to create a moment your recipient will always remember! An instant mood booster with it\'s mix of bright bold colors, this gorgeous fresh flower arrangement brings together sunflowers, hot pink roses, purple double lisianthus, orange LA Hybrid Lilies, yellow snapdragons, green button poms, and lush greens to make this day, their best day. Presented in a clear glass vase, this fresh flower arrangement is made just for you to help you send your warmest birthday, congratulations, or get well wishes to your favorite friends and family. GOOD bouquet is approx. 15\"H x 12\"W. BETTER bouquet is approx. 18\"H x 13\"W. BEST bouquet is approx. 18\"H x 14\"W. EXQUISITE bouquet is approx. 20\"H x 15\"W.\r\n\r\n\r\n<strong>STEMS</strong>\r\n<ul>\r\n	<li>Lily</li>\r\n	<li>Rose</li>\r\n	<li>Snapdragon</li>\r\n</ul>',58.00,250,3,50,'ou6GnqisqrSGzG6zntvh42IfEfi9Qh28OoPUexop.jpeg','XBArJaDvFXKxu7wydb2st4DG8EYJETvivTtPV5JG.jpeg','m7eJPAzwqh3AafJhw4mkRJiL7dB99Rsh2I5fghXa.jpeg',0,0.00,NULL,NULL,'2019-12-10 17:16:42',4,'2019-12-10 17:16:42',NULL),(40,'24 Long Stem Red Roses with Glass Vase','Picked fresh from the farm to offer your special recipient a gift straight from the heart, our stunning Red Rose Bouquet is a classic romantic gesture that will have them falling head over heels. Hand gathered in select floral farms and flaunting a rich red hue, this stunning flower arrangement has been picked fresh for you to help you celebrate a birthday, anniversary, or convey your message of love and sweet affection.\r\nThis bouquet includes the following: red roses and an assortment of lush greens\r\nBEST bouquet is approximately 20\"H x 16\"W.\r\n\r\n<strong>STEMS</strong>\r\n<ul>\r\n	<li>Rose</li>\r\n</ul>',65.00,268,3,75,'sSUc6Ha5adDC41eOlS9XuY4TeWTGnYcaxNuQd3By.jpeg','5zGmR5aIpDjUrEZuQCFK8tLDWcR9QS103A3cai8B.jpeg','YOD9guuzf3uHjKkp2NQNFAfybOUmkM01JIvJlRd7.jpeg',0,10.00,NULL,NULL,'2019-12-10 17:23:50',4,'2019-12-10 17:23:50',NULL),(41,'Belle of the Ball Bouquet - VASE INCLUDED','Picked fresh from the farm to make your recipient feel like royalty, our Belle of the Ball Bouquet blooms with a blushing beauty. Hand gathered at select floral farms and bringing together the rich color combination of fuchsia, white, and blue, this exquisite flower bouquet has been picked fresh for you to shower with love and appreciation. Bouquet includes: Stargazer Lilies and light blue iris stems. Presented with a purple glass flared vase. Approximately 20\" H X 18\" W. Your purchase includes a complimentary personalized gift message\r\n\r\n\r\n<strong>STEMS</strong>\r\n<ul>\r\n	<li>Iris</li>\r\n	<li>Lily</li>\r\n</ul>',55.00,301,4,65,'aFELAFxcubUQkOoXxEtQn91wToc2OLHOk0bi4A7n.jpeg','yDbfDo6N3t7zcL4B6jqO6GcaZwGhdMk1QKIRGEL8.jpeg','dkop0jgvPjzUw4IpiR4xMpuIhYd30DWo42MIsixN.jpeg',0,12.00,NULL,NULL,'2019-12-10 17:29:28',4,'2019-12-10 17:29:28',NULL),(42,'Rush of Color Assorted Tulip Bouquet - 30 Stems - VASE INCLUDED','Picked fresh from the farm to bring brilliant color to your special recipient\'s everyday, the Rush of Color Assorted Tulip Bouquet is a warm and sunny way to show them how much you care. Hand gathered in select floral farms, boasting an array of bright colors. This stunning flower arrangement has been picked fresh for you to help you celebrate a birthday, anniversary, or express your thank you or get well wishes.\r\nAvailable with a selection of vases to fit your gifting needs.\r\nBEST bouquet includes 30 stems and is approximately 18-inches in height.\r\n\r\n\r\n<strong>STEMS</strong>\r\n<ul>\r\n	<li>Tulip</li>\r\n</ul>',55.00,230,3,65,'xAlIkKqDMvdm20uhFBEBI8OrRaZeqvAWBN0FThcm.jpeg','5QgR6KoxMzadB6xfctxAW743NxFndSmVvPGIoJP1.jpeg','f79jXF2vjnzUW8wpfYetkT2itMGrcdwacOfrTlUd.jpeg',0,0.00,NULL,NULL,'2019-12-10 17:40:43',4,'2019-12-10 17:40:43',NULL),(43,'Time to Celebrate Rainbow Rose Bouquet - 24 Stems - VASE INCLUDED','Picked fresh from the farm to bring your special recipient a bouquet like none other, the Time to Celebrate Rainbow Rose Bouquet is a unique gift they will always remember. Hand gathered in select floral farms, these kaleidoscope inspired roses have been dyed so that each petal displays a different vibrant hue of either yellow, blue, green, purple or pink to create a flower arrangement picked fresh for you to get the party started, making it the perfect gift to send in honor of the next birthday or congratulations celebration. This bouquet includes multi-colored roses in a purple vase.\r\nBEST bouquet is approximately 21\"H x 16\"W.\r\n\r\n<strong>STEMS</strong>\r\n<ul>Rose\r\n	<li></li>\r\n</ul>',85.00,265,3,75,'4nYfuNqCEtK6ginhUxqnNVmWLVA7mN5cBE6H2dLI.jpeg','705iJCrv3ydmyv7bNNT8WNz94XM8lsMLSrAlkZL0.jpeg','YmyswPvDyzoSl9fR3753kWdxPKUyzmRnjxIXgW02.jpeg',0,5.00,NULL,NULL,'2019-12-10 17:46:36',4,'2019-12-10 17:46:36',NULL),(44,'Light of My Life™ Bouquet- VASE INCLUDED','The Light of My Life™ Bouquet blossoms with brilliant color and a sweet sophistication to create the perfect impression! Orange Asiatic Lilies make the eyes dance across the unique design of this flower bouquet, surrounded by the blushing colors of red alstroemeria, lavender button poms, fuchsia carnations, and lush greens. Presented in a clear glass vase, this fresh flower arrangement has been created just for you to help you send your sweetest thank you, happy anniversary, or thinking of you wishes. GOOD bouquet is approx. 16\"H x 13\"W. BETTER Bouquet is approx. 17\"H x 14\"W. BEST bouquet is approx. 18\"H x 15\"W. EXQUISITE bouquet is approx. 19\"H x 16\"W.\r\n\r\n<strong>STEMS</strong>\r\n<ul>Rose\r\n	<li>Carnation</li>\r\n	<li>Fuchsia</li>\r\n	<li>Lavander</li>\r\n	<li>Lily</li>\r\n</ul>',60.00,223,5,60,'PJO2oCJxT4CJc6sqeiC5bUu0ix7fhV6O2wCSJrFN.jpeg','rikh7yckjprSfClMy1dEPWnvEmgOI3ZXBLihfd5x.jpeg','ae9iPyB8TmRLltbSPlvC75JoWCPkNjzmQRHLJ30L.jpeg',0,0.00,NULL,NULL,'2019-12-10 17:52:48',4,'2019-12-10 17:52:48',NULL),(45,'Fifty Long Stem Red Roses - GLASS VASE INCLUDED','This is our best deal yet! Picked fresh from the farm, 50 stems of our premium long stem 16-inch red roses create a fantastic surprise for your special someone with its abundance of swirling blooms. Hand gathered at select floral farms and displaying a rich red hue, this long stem rose bouquet has been picked fresh for you to help you bring on the romance when celebrating an anniversary, to help you say, \"I love you\", or to simply let them know they are always on your mind.\r\nBouquet includes 50 stems of red roses.\r\n\r\n<strong>STEMS</strong>\r\n<ul>Rose\r\n	<li>Rose</li>\r\n	\r\n</ul>',170.00,150,5,50,'5Pno52jHxI9bEOe9yYMtCDFRi5lVciWN8tS7wWim.jpeg','FYG5gH369VfSx9chvjxJgZFMwL4qMP5UAfDRPz8Y.jpeg',NULL,0,15.00,NULL,NULL,'2019-12-10 18:01:37',4,'2019-12-10 18:01:37',NULL),(46,'Perfect Day™ Bouquet - Premium','There\'s just something about the way beautiful flowers can make someone\'s day perfect. This bouquet combines hues of pink roses, hot pink carnations, purple stock, and variegated pittosporum, all set in a purple textured glass vase, to send a sweet message. Whether it\'s for an occasion or just because, give this bouquet to someone special. GOOD bouquet is approx. 15\"H x 11\"W. BETTER bouquet is approx. 16\"H x 12\"W. BEST bouquet is approx. 17\"H x 13\"W. EXQUISITE bouquet is approx. 17\"H x 15\"W.\r\n\r\n<strong>STEMS</strong>\r\n<ul>\r\n	<li>Carnation</li>\r\n	<li>Rose</li>\r\n	<li>Violet</li>\r\n</ul>',70.00,283,3,60,'RNZJimky5SqsgpKfKM4YNqk38CqSUQ0SxjGCdHtA.jpeg','vvPC7ZrLSwDyq8zSUOFBQktUvqsqDbVXgnLcX5d4.jpeg','I1254qEkf6PQh1nPexWL8zFFRV5wTh0L1FBjdhkM.jpeg',0,10.00,NULL,NULL,'2019-12-10 18:09:58',4,'2019-12-10 18:09:58',NULL),(47,'Sweet Devotion™ Bouquet - Premium','Let those know you hold them dear in a truly beautiful way. An array of cream roses and hues of violet stock burst from a lavender glass vase with a diamond pattern and comes together to create an artful collection of flowers. Whether it\'s a long-distance friend or a family member down the street, this collection of flowers makes for a sweet gift. GOOD bouquet is approx. 17\"H x 14\"W. BETTER bouquet is approx. 18\"H x 15\"W. BEST bouquet is approx. 20\"H x 17\"W. EXQUISITE bouquet is approx. 20\"H x 18\"W.\r\n\r\n<strong>STEMS</strong>\r\n<ul>\r\n	<li>Lavander</li>\r\n	<li>Rose</li>\r\n</ul>',70.00,183,3,65,'OhjF37y1DgEyIt4THNIK43FvvoM13b7EZbrPYd04.jpeg','ZJBooTINoafUSwd4jiWZ0Rop1oymCx7jHM7yXSFS.jpeg','BOIwY5HdqSzjz512DCW7oMSNw89ud8slAFCb520g.jpeg',0,0.00,NULL,NULL,'2019-12-10 18:15:01',4,'2019-12-10 18:15:02',NULL),(48,'Expressions of Love Bouquet - VASE INCLUDED','The Expressions of Love™ Bouquet brings together roses and Asiatic Lilies to represent of all the love and passion in your heart. Rich red roses, white Asiatic lilies, pink mini carnations, burgundy mini carnations and lush greens are arranged to perfection to create a stunning flower bouquet. Presented in a red glass vase accented at the neck with a dangling silver metallic decorative tag stating, \"Love,\" this flower arrangement is the perfect way to express your deepest, most romantic feelings.\r\nBEST bouquet is approximately 18\"H x 15\"W.\r\n\r\n<strong>STEMS</strong>\r\n<ul>\r\n	<li>Carnation</li>\r\n	<li>Lily</li>\r\n	<li>Rose</li>\r\n</ul>',70.00,280,3,50,'LVqm0QAeBKi8M65AgTNo3z1KMEcu1TD3D4BAcG6y.jpeg','evqLKjDuFKQb3RcAQ6aGfuBlv6FJWd2DDPZzATF6.jpeg','WDFUcEpWOQAQo2dztmmA5MdLdTEkQViQcTDDkciv.jpeg',0,0.00,NULL,NULL,'2019-12-10 18:21:44',4,'2019-12-10 18:21:45',NULL),(49,'High Style Bouquet- VASE INCLUDED','The High Style Bouquet is on-trend and ready to wow your special recipient with it\'s mix of bold and beautiful blooms! Rich red roses, Stargazer Lilies, pink Peruvian Lilies, burgundy mini carnations, pink statice, and lush greens are arranged to perfection by our floral professionals to create a gift of flowers that is set to impress. Presented in a clear glass vase, this fresh flower bouquet is a wonderful way to express your happy anniversary, happy birthday, or thinking of you wishes. GOOD bouquet is approx. 16\"H x 13\"W. BETTER bouquet is approx. 17\"H x 14\"W. BEST bouquet is approx. 18\"H x 16\"W. EXQUISITE bouquet is approx. 19\"H x 17\"W.\r\n\r\n<strong>STEMS</strong>\r\n<ul>\r\n	<li>Carnation</li>\r\n	<li>Lily</li>\r\n	<li>Peruvian Lily</li>\r\n	<li>Rose</li>\r\n</ul>',70.00,236,5,65,'dtZFT7dThWeRajYnpXOVAfIHEfhUvl2CzmIdQ8XW.jpeg','GeDm84SZiv3q1pNCaankrGpwAblRT3Sv8T2pFUuv.jpeg','CyeFe29v9eZBn2wcGAwkDmUDdvuPgo08WD3IrEIE.jpeg',0,10.00,NULL,NULL,'2019-12-10 18:26:48',4,'2019-12-10 18:26:48',NULL),(50,'The Sunny Sentiments™ Bouquet - VASE INCLUDED','The Sunny Sentiments™ Bouquet has a warm, welcoming look that will win over your special recipient with each sunlit bloom. Yellow roses and Peruvian Lilies are set to brighten their day, arranged amongst bright white traditional daisies, green button poms, and lush greens to create a stunning presentation. Arriving arranged to perfection in a clear glass vase, this fresh flower bouquet is ready to help you send your sweetest thank you, thinking of you, or get well wishes. GOOD bouquet is approx. 15\"H x 12\"W. BETTER bouquet is approx. 16\"H x 13\"W. BEST bouquet is approx. 17\"H x 15\"W. EXQUISITE bouquet is approx. 19\"H x 16\"W.\r\n\r\n<strong>STEMS</strong>\r\n<ul>\r\n	<li>Daisy</li>\r\n	<li>Lily</li>\r\n	<li>Peruvian Lily</li>\r\n	<li>Rose</li>\r\n</ul>',65.00,249,5,60,'FdXSV75IBmwctk1nAWwZH3071cx8qDCd6nIjVU38.jpeg','FRNsJzPd7QOX0xi6y72D7000ONvCRrzVZ3b7ntQa.jpeg','bvD4MKnnqOXelrVhX5PKtosSpCsSlHd3N575SKNw.jpeg',0,10.00,NULL,NULL,'2019-12-10 18:32:37',4,'2019-12-10 18:32:37',NULL),(51,'Endless Summer Sunflower Bouquet - 15 Stems - VASE INCLUDED','Picked fresh from the farm to bring summer\'s brilliant beauty straight to their door, the Endless Summer Sunflower Bouquet is ready to lift spirits and celebrate the fun of the warmer months ahead. Hand gathered in select floral farms and blooming with a vibrant sunlit yellow hue, this gorgeous flower arrangement has been picked fresh for you to send your warmest wishes to friends, family, and loved ones as a birthday, thank you, or get well gift. This bouquet includes the following: 15 assorted sunflowers and available with a wide variety of vases to suit your every gifting need.\r\nEXQUISITE bouquet is approximately 19\"H x 13\"W.\r\nYour purchase includes a complimentary personalized gift message.\r\n\r\n<strong>STEMS</strong>\r\n<ul>\r\n	<li>Sunflower</li>\r\n</ul>',60.00,210,3,60,'HKS246VScrRhcMHKh5TPEiVRvQBlmvhOgr5tDidC.jpeg','a0AwlZJaFlILKhk6P1tOSB7PyE9IUZZFd9nI8yFc.jpeg','yb5qMxInf4Mfx4p76T1yvSNs78Q8CxZAc7LSIijk.jpeg',0,5.00,NULL,NULL,'2019-12-10 18:49:03',4,'2019-12-10 18:49:03',NULL),(52,'Sweet Moments™ Bouquet','Through a collection of bold hues, gorgeous flowers, and fresh scents, this bouquet blossoms with beauty in any room that its placed. An array of orange roses, variegated pittosporum, and white daisy pompons come together in a cylindrical glass vase to make the perfect gift for a loved one near or far. GOOD bouquet is approx. 13\"H x 13\"W. BETTER bouquet is approx. 14\"H x 14\"W. BEST bouquet is approx. 15\"H x 15\"W.\r\n\r\n<strong>STEMS</strong>\r\n<ul>\r\n	<li>Carnation</li>\r\n	<li>Rose</li>\r\n</ul>',70.00,199,6,60,'AR7kf5Prgf5g93Mu9bMYsO5onk3TMFeoxD9Md0sN.jpeg','xmZmtGNXsvwe4cfWZkKfe6Wt5dLsz3qCXyDjOI00.jpeg','e1URuNXVJn174TSOj5a4fbViRyOJdSvFMjGwW2pP.jpeg',0,10.00,NULL,NULL,'2019-12-10 18:56:50',4,'2019-12-10 18:56:50',NULL),(53,'Making Spirits Bright Bouquet – Premium','Deck the halls, and their holiday home with a bouquet that shares the most beautiful season\'s greetings. Bright red roses, red carnations and Christmas greens come together within an ornament vase with stem lid to create our Making Spirits Bright Bouquet. Featuring a bold red ribbon and natural pinecone pics, this arrangement captures the joy of holiday magic for whoever it\'s given to.\r\n\r\n| Premium - 12\"H x 14\"W |\r\n\r\n<h4>STEMS</h4>\r\n<ul>\r\n	<li>Carnation</li>\r\n	<li>Rose</li>\r\n</ul>',80.00,500,7,60,'9WHUbTLaNLbNb76wiPPT1fn87dDdWpEWKAhnM7vz.jpeg','5qN6map942Fu5nL5nRpUzVL0fKxPwZS6L6PRq39S.jpeg','FTanH9YM0Hkhsm3ktb3tOBXFcFleVBy6UV8DG4KN.jpeg',0,15.00,NULL,NULL,'2019-12-11 10:33:46',3,'2019-12-11 10:33:47',NULL),(54,'Purple Presence™ Bouquet- VASE INCLUDED','The Purple Presence™ Bouquet creates a bold splash of color upon arrival, creating a gift of floral style and design your special recipient will always remember. This flower bouquet exhibits levels of texture and color that will make them take notice. Presented in a modern purple glass vase to give this flower arrangement a finished look, this gift of flowers is ready to express your warmest wishes for a birthday, as a thank you, or as a way to let them know how much you care. GOOD bouquet is approximately 14\"H x 11\"W. BETTER bouquet is approximately 15\"H x 12\"W. BEST bouquet is approximately 17\"H x 14\"W.\r\n\r\n<h4>STEMS</h4>\r\n<ul>\r\n	<li>Lavender Roses</li>\r\n	<li>Purple Stock</li>\r\n	<li>Lavender Peruvian Lilies</li>\r\n	<li>Purple Statice</li>\r\n	<li>Lush Greens</li>\r\n</ul>',40.00,225,7,78,'ynAxxLG0wD1G3LMSjaiL0uZwHWG1vVpi0FExJYOZ.jpeg','U5GgDGTbjPVTbnEpwE7ANVCaJUwz63FnrGyE8Z2W.jpeg','R4IwgNZa4zB2FljuBsuAxQFORX891cUNy3DTSJTW.jpeg',0,10.00,NULL,NULL,'2019-12-11 10:44:38',3,'2019-12-11 10:53:28',3),(55,'Smiles & Sunshine with Glass Ginger Vase','Send a sunny splash of color and brighten their day with this vibrant bouquet of 10 Peruvian lilies, mixed with 6 multi-colored roses. Symbolic of friendship and devotion, each stem of Peruvian lily has multiple blooms and is sure to warm their heart.\r\n\r\n<h4>STEMS</h4>\r\n<ul>\r\n	<li>Lily</li>\r\n	<li>Rose</li>\r\n</ul>',45.00,101,5,55,'neLLBJaXOGg4qsdKOWp6Kzf3HhqGexflkdjfdpKc.jpeg','DMtN2Tfk58ZWCXEbcT1YUfLpTfnHAVynn42cNPdK.jpeg','4J1xYee9vjafzNcjCYrpM2yf9scqgwkukEv8pojA.jpeg',0,0.00,NULL,NULL,'2019-12-11 18:49:24',3,'2019-12-11 18:49:24',NULL),(56,'Living Spirit™ Dishgarden','The Living Spirit™ Dishgarden is a wonderful display of our finest plants to honor the life of your loved one. A palm plant, peace llly plant, dracaena plant and a philodendron plant are lush and lovely accented with stems of Peruvian lilies. Seated in a 7-inch woodchip rectangular basket, this dishgarden conveys your most heartfelt sympathy while offering hope for brighter days ahead.\r\nApproximately 18\"H x 13\"W.\r\n\r\n<h4>STEMS</h4>\r\n<ul>\r\n	<li>Lily</li>\r\n	<li>Peruvian Lily</li>\r\n</ul>',67.00,358,6,80,'VKBmdxl5VsEzUH0g6dTj7cySOjpT7P2doWN39iRz.jpeg','jhXFIawOfvOkp302u4vg8lsqIUR8Ju95tBkEYii2.jpeg','DgUg3Co9W7uI14WVSojh9GYunzhaCPo89EgMdm2k.jpeg',1,10.00,NULL,NULL,'2019-12-11 19:10:11',3,'2019-12-11 19:12:20',3),(57,'Birthday Brights™ Bouquet - VASE INCLUDED','The Birthday Brights™ Bouquet is a true celebration of color and life to surprise and delight your special recipient on their big day! Hot pink gerbera daisies and orange roses take center stage surrounded by purple gilly flowers, yellow chrysanthemums, orange carnations, green button poms, bupleurum, and lush greens to create party perfect birthday display. Presented in a modern rectangular ceramic vase with colorful striping at the bottom, \"Happy Birthday\" lettering at the top, and a bright pink bow at the center, this unforgettable fresh flower arrangement is then accented with a striped happy birthday pick to create a fun and festive gift. BEST bouquet is approx. 17\"H x 13\"W.\r\n\r\n<h4>STEMS</h4>\r\n<ul>\r\n	<li>Carnation</li>\r\n	<li>Daisy</li>\r\n	<li>Rose</li>\r\n</ul>',70.00,456,6,78,'hjdVwRZQ8N4rw5cF80pWT5QK2Oh5fApk6d1sGWy0.jpeg','v2MinbCnpmIVkQ0a7XxJ1EUw5gnlOkPXWqzZJybT.jpeg','42sfaaaONYElNypxEwTFpImrZ935E0zoxo9wCRpV.jpeg',0,12.00,NULL,NULL,'2019-12-11 19:25:38',3,'2019-12-11 19:25:39',NULL),(58,'Mademoiselle™ Luxury Bouquet - Deluxe','Nothing says regal like a gorgeous array of violet hues surrounded by luscious greens. Lavender roses and deep lisianthus stems set with eucalyptus stems instantly draws in all the attention of the room. This handcrafted design in a gray and ivory ceramic vase is sure to add hints of grace and beauty for a polished look. IMPRESSIVE bouquet is approx. 19\"H x 18\"W. STUNNING bouquet is approx. 20\"H x 19\"W.\r\n\r\n<h4>STEMS</h4>\r\n<ul>\r\n	<li>Eucalyptus</li>\r\n	<li>Stock</li>\r\n	<li>Rose</li>\r\n</ul>',105.00,220,7,89,'X7uK5p7TTFO2wS0xaNmo8FT26WcqaxZPFK2rAYe9.jpeg','Sr6f0Pa230r4ajb4qqKCkLDswNe1fRAHeN410BKS.jpeg','SrMB5mN0li8IYDI9qgP9yZCHs8qYbfqUyFkIFFnF.jpeg',0,0.00,NULL,NULL,'2019-12-11 19:32:45',3,'2019-12-11 19:32:45',NULL),(59,'Only The Best™ Luxury Bouquet','When only the best will do, this fresh flower arrangement from FTD® delivers. A collection of colors and textures that keeps the eye dancing from one point to the next, this artisan floral design blends hot pink roses with orange spray roses, pink double lisianthus, and pink matsumoto asters with the lush green foliage of ivy vines and variegated pittosporum. Presented in a light blue heavy glass vase with a sophisticated look, set to catch the light at every turn, this luxury flower arrangement is an impressive and thoughtful way to celebrate Mother\'s Day, a birthday, an anniversary, or to offer your gratitude and thanks. Bouquet is approximately 18\"H x 19\"W.\r\n\r\n<h4>STEMS</h4>\r\n<ul>\r\n	<li>Aster</li>\r\n	<li>Ivy</li>\r\n	<li>Rose</li>\r\n</ul>',150.00,499,6,62,'ooQgrToUeKQg8Q58xtMD3yOBW2Frvg6KPk1PKd1y.jpeg','Xo5hO5RG6siQ4t0sn5EAAyPWtJBKRDfhHe90dTdB.jpeg','dZ5XOvUzUsnvlQTDfguq9tpJiUCxHHxIZ3zgDVGe.jpeg',0,0.00,NULL,NULL,'2019-12-11 19:50:48',3,'2019-12-11 19:50:48',NULL),(60,'Fifty Long Stem Red Roses of Romance - NO VASE','This is our best deal yet! Picked fresh from the farm, 50 stems of our premium long stem 16-inch red roses create a fantastic surprise for your special someone with its abundance of swirling blooms. Hand gathered at select floral farms and displaying a rich red hue, this long stem rose bouquet has been picked fresh for you to help you bring on the romance when celebrating an anniversary, to help you say, \"I love you\", or to simply let them know they are always on your mind.\r\nBouquet includes 50 stems of red roses.\r\n\r\n<h4>STEMS</h4>\r\n<ul>\r\n	<li>Rose</li>\r\n</ul>',150.00,429,6,87,'qYPUFGdovwbewf5E3dQAlm2QfQJN9erSgly9vbtK.jpeg','zeE5LDcn3Q8COwtEPu7vJ0Rpt0vSohGcRqdusYdd.jpeg','xTyl0E8mLuxXC7NVqYfbGbw7nH0xY4nYOaHb0vBx.jpeg',0,10.00,NULL,NULL,'2019-12-11 20:07:17',3,'2019-12-11 20:07:51',3),(61,'Beyond Brilliant™ Luxury Bouquet - VASE INCLUDED','This floral arrangement is a celebration of color and design that brings energy, radiant beauty, and unmatched elegance to your special recipient\'s every day. Handcrafted with an expert eye and consciously on trend with an impressive Ombre look and feel. Showcasing a sophisticated transition in colors capturing the eye first with the bright pink mokara orchids, folding into the deep red gerbera daisies, and then melding into the bright orange roses, and vibrant yellow calla lilies, this floral arrangement is meant to express joy with its modern design appeal. IMPRESSIVE bouquet includes vase. Approx. 21\"H x 19\"W. STUNNING bouquet includes vase. Approx. 23\"H x 21\"W.\r\n\r\n<h4>STEMS</h4>\r\n<ul>\r\n	<li>Daisy</li>\r\n	<li>Lily</li>\r\n	<li>Orchid</li>\r\n	<li>Rose</li>\r\n</ul>',210.00,157,7,65,'ADkvr1wLOsyj59SuHeacb21TXDnuexTvDd5QI1Ba.jpeg','fLqrDuHuUUKULDVlLZcDsfG1HBfTaqagm4x8e0KN.jpeg','0vhUyd0v1J28dcWNgJE3kjZw6pi4xa90oh6yy6cK.jpeg',0,0.00,NULL,NULL,'2019-12-11 20:26:32',3,'2019-12-11 20:26:33',NULL),(62,'Aqua Escape™ Bouquet by FTD® - VASE INCLUDED','FTD® proudly presents the Aqua Escape™ Bouquet. A bold mix of color your special recipient will never forget, this simply stunning fresh flower bouquet is ready to make that perfect impression. Bringing together brilliant orange gerbera daisies, orange spray roses, fragrant pink gilly flower, and lavender mini carnations, accented with fronds of Queen Anne\'s Lace and lush greens, this flower arrangement is a memory maker. Presented in an aqua colored glass vase to give it a beachy, summertime feel, this flower bouquet is ready to create a wonderful thank you, thinking of you, or happy birthday gift. GOOD bouquet is approx. 13\"H x 12\"W. BETTER bouquet is approx. 14\"H x 13\"W. BEST bouquet is approx. 15\"H x 14\"W. EXQUISITE bouquet is approx. 16\"H x 15\"W.\r\n\r\n<h4>STEMS</h4>\r\n<ul>\r\n	<li>Daisy</li>\r\n	<li>Carnation</li>\r\n	<li>Queen Anne\'s Lace</li>\r\n	<li>Rose</li>\r\n</ul>',65.00,310,6,55,'dG7eW1zsbwD6Ja2bV9c2ON1iocP94bzkL7PLMSR6.jpeg','bK9wUdNka1Cumodio9iua0ixjF5rlRHSqFI4uuKV.jpeg','kGTy34pG3CvDRWeycSxxBjtI7Fl3fsjKwGxhli8Q.jpeg',0,14.00,NULL,NULL,'2019-12-11 20:36:25',3,'2019-12-11 20:36:25',NULL),(63,'Set to Celebrate™ Birthday Bouquet - VASE INCLUDED','The Set to Celebrate™ Birthday Bouquet is ready to take their birthday celebration to the next level with a bright burst of color and perfectly arranged fresh blooms! Popping with personality and style, this flower bouquet brings together orange Asiatic Lilies, hot pink roses, lavender gilly flower, hot pink carnations, yellow traditional daisies, green button poms, and lush greens. Presented in a modern rectangular orange ceramic vase tied with a polka dotted orange ribbon to give it the look of a birthday present, this flower arrangement is then accented with a \"Happy Birthday\" pick to give it that ultimate party style. BEST bouquet is approx. 17\"H x 14\"W.\r\n\r\n<h4>STEMS</h4>\r\n<ul>\r\n	<li>Daisy</li>\r\n	<li>Carnation</li>\r\n	<li>Lily</li>\r\n	<li>Rose</li>\r\n	<li>Lavender</li>\r\n</ul>',70.00,245,6,64,'7w0jRCitK9pm5nxKqLD61NFlNSy93cskPDeJZuap.jpeg','kRSlduIcBFsRdRSIiPWVhJaF1Ew4ZtK2SneVh3vy.jpeg','pl2Ss2SglEyQfJm3R22iLDmJO2DmDJBqexqhgalE.jpeg',0,0.00,NULL,NULL,'2019-12-11 20:47:33',3,'2019-12-11 20:47:33',NULL),(64,'The Carol','Kick off the holiday season with these stunning crimson stems. You can’t help but spread good cheer when gifting these luscious and graphic anemone flowers paired with unfurling ranunculus and holiday foliage.\r\n\r\n<h4>STEMS</h4>\r\n<ul>\r\n	<li>Red Garden Roses</li>\r\n	<li>Spirit Roses</li>\r\n	<li>Anemone</li>\r\n	<li>Ranunculus</li>\r\n	<li>Solomio</li>\r\n	<li>Cocculus Greenery</li>\r\n</ul>',80.00,122,6,56,'4zbrT3UxvhuBInsDqfWHjZwRyc73DOYhXOdjJmzL.jpeg','ltoZlKN9riqMSRwNuMe2L2prigf9FINPDp6mI7mo.jpeg','ZjKFbBr1Og4Hxe9WKxQEFekdVu9VUh1diCxay1A8.jpeg',0,0.00,NULL,NULL,'2019-12-12 21:36:56',3,'2019-12-12 21:36:56',NULL),(65,'The Sugar Plum','These bicolor carnations look as if they have been dusted with fine sugar. A spectacular gift for friends and family, the Sugar Plum bouquet is as pretty as any beautifully wrapped present this time of year.\r\n\r\n<h4>STEMS</h4>\r\n<ul>\r\n	<li>Antigua Carnations</li>\r\n	<li>Seeded Eucalyptus</li>\r\n</ul>',55.00,231,7,87,'R1Z1mbqX1zPWr2alEl4Lh7VPFckSVyT7k7S6NALb.jpeg','WWVp96BvMARqwSiKwyf5ypKJCi2br0ocFAzza0HK.jpeg','rZcV3ife9nIuAkc1qkPM6vbYH1v9f1GgRMCKLTsV.jpeg',0,10.00,NULL,NULL,'2019-12-12 21:46:57',3,'2019-12-12 21:46:57',NULL),(66,'The Nutcracker','For many, watching The Nutcracker is a beloved tradition that gets one in the spirit of the holidays. With its pops of red and gold, our arrangement takes its cues from the classic red King Nutcracker’s uniform. A symphony of texture and color, this enchanting bouquet is bound to steal the show.\r\n\r\n<h4>STEMS</h4>\r\n<ul>\r\n	<li>Hearts Roses</li>\r\n	<li>Spray Roses</li>\r\n	<li>Carnations</li>\r\n	<li>Hypericum Berries</li>\r\n	<li>Ming Fern</li>\r\n	<li>Plumosa Fern</li>\r\n	<li>Mini Sunset Safari</li>\r\n</ul>',110.00,111,7,66,'d28IIjXr33IZs9PV7C1Jp7bfrk8Fem5YcSwF5Cf6.jpeg','D1KXzwhGpdlpu2gPx1YwzRC0MzYVeUMUfavnXlRc.jpeg','bTXqXXUgiZQ9Djlj0z01mShwDzRwoWmUHnPXhxRN.jpeg',0,0.00,NULL,NULL,'2019-12-12 22:01:35',3,'2019-12-12 22:01:36',NULL),(67,'The Magnolia','Leaves that look frosted and pure white petals conjure up one of our favorite days of the holiday season: the first snowfall. This monochromatic bouquet filled with magnolia leaves and fluffy mums pairs nicely with a fluffy blanket and a decadent cup of hot cocoa.\r\n\r\n<h4>STEMS</h4>\r\n<ul>\r\n	<li>Football Mums</li>\r\n	<li>Scabiosa</li>\r\n	<li>Carnations</li>\r\n	<li>Snapdragons</li>\r\n	<li>Magnolia Leaves</li>\r\n	<li>Dusty Miller</li>\r\n	<li>Eucalyptus</li>\r\n	<li>Ranunculus</li>\r\n</ul>',95.00,43,6,77,'PeHX4TqZxUsGgYRS1IFR7iqdAzCFlKgjTHN3kEcW.jpeg','6s829hRcJiVZq0ZOfif1POjJXOCNzBVpKqwTiEeS.jpeg','KVhueP0UL68IW8SpLmfHasbUjHQ2WEWXBeeDhzbx.jpeg',0,0.00,NULL,NULL,'2019-12-12 22:08:40',3,'2019-12-12 22:08:40',NULL),(68,'The North Pole','A sure sign of the holiday season? The classic poinsettia. Bursting with vibrant red tones and potted in a chic, yet understated pot, this poinsettia is made even sweeter with a box of Sugarfina\'s snowman gummies.\r\n\r\n<h4>STEMS</h4>\r\n<ul>\r\n	<li>Poinsettia</li>\r\n</ul>',70.00,34,7,60,'0CIiHkzyGoADNm0sl4FjhdlnnzglbVmvryfb8IXD.jpeg','8RE6nioXrXlkBhfmJYi4zZAtCilg1iErXYrD4slK.jpeg','8MwEbvPW6Jx89UmaBKv4YMOjmVcPP8uheRX06UXx.jpeg',0,NULL,NULL,NULL,'2019-12-12 22:15:16',3,'2019-12-12 22:15:16',NULL),(69,'The Apres Ski','This curated gift includes our Sugar Plum bouquet, Neuhaus chocolates, and a glass vase. Hard work deserves some reward, and our Apres-Ski bundle is just the ticket. These bicolor carnations look as if they have been dusted with fine sugar. Paired with a glass vase and a Neuhaus cracker filled with chocolate bon-bons, you can consider this giftset your wintertime escape.\r\n\r\n<h4>STEMS</h4>\r\n<ul>\r\n	<li>Sugar Plum</li>\r\n</ul>',75.00,450,7,76,'IWIgp2KEXvm9YDBpNUH06hHUKndYq5nEwKbd10zK.jpeg','hLTJ2ffsJWd6oJDNyDpzXJok9aHGU2fg4UQucUte.jpeg','CSOX72L1YtjizDW2ZhBhTjB3iMjxfY8Cxj0Z8yvO.jpeg',0,0.00,NULL,NULL,'2019-12-12 22:57:32',3,'2019-12-12 22:57:32',NULL),(70,'Double The Refresh','A chic, single stem arrangement of these crisp, white solomio flowers will elevate and uplift any environment. These small buds cluster together and bloom into an explosion of pure white color. Reflective of purity, simplicity and goodness, placed in any room, these flowers will stimulate a sense of peace and tranquility.\r\n\r\n<h4>STEMS</h4>\r\n<ul>\r\n	<li>Solomio Tino</li>\r\n</ul>',55.00,210,7,55,'M0RukqGs7B64ilVEfO4L3k2a01ajj0Ma2CeVMTjA.jpeg','ZgzGZjzOvoZNLLf8UWcmPdmWDkS9Pelk5Wr80yva.jpeg','ITADxEwhUNF4o7Y33QSyCcLmwaK080sQ3f3CPmTj.jpeg',0,0.00,NULL,NULL,'2019-12-12 23:11:10',3,'2019-12-12 23:11:10',NULL),(71,'The Sleigh Bell','Bold and beautiful, our two-stem amaryllis makes a striking gift this holiday season. These exotic, trumpet-shaped flowers are best placed near a window with moist soil. Over time, robust amaryllis stems will emerge, just in time for the holiday season.\r\n\r\n<h4>STEMS</h4>\r\n<ul>\r\n	<li>Stem Amaryllis</li>\r\n</ul>',70.00,123,7,56,'eN3aIHyF2TguDDBDzRzySAY9Wp9f6KSXAZURiXre.jpeg','se2wmqQRovrPS3smHCM08yADq2CkHHjSFHd0jVT3.jpeg','kR1pfOnSE2CbBrm7hAVsmRBX4rROYDZixh4lmYSi.jpeg',0,0.00,NULL,NULL,'2019-12-12 23:17:19',3,'2019-12-12 23:17:19',NULL),(72,'The Sonnet','A delicate display of unfurling white blooms, this monochromatic arrangement is a welcomed gift for celebrations or get wells. With snow-white petals reminiscent of untouched snow, The Sonnet will leave anyone awestruck.\r\n\r\n<h4>STEMS</h4>\r\n<ul>\r\n	<li>Eskimo Roses</li>\r\n	<li>Limonada Roses</li>\r\n	<li>Lisianthus</li>\r\n	<li>Ranunculus</li>\r\n	<li>Hypericum Berries</li>\r\n	<li>Queen Anne\'s Lace</li>\r\n	<li>Ruscus</li>\r\n</ul>',80.00,244,6,76,'1hqxTCHsloplgtWKtI9JuR3EXNzjfEMK73kj7aWe.jpeg','UAB1SnWjGMTNVXK1aRpaNy6Ee6CYMe7Nl8qxxqml.jpeg','JOsRZAOJe094ZkUICiDmOxIfhs0bALgCo5JnrOhp.jpeg',0,0.00,NULL,NULL,'2019-12-12 23:23:23',3,'2019-12-12 23:23:23',NULL),(73,'Double The Buttercream','The Buttercream bouquet is what sweet dreams of made of. We whipped up delicate lisianthus and a variety of vanilla roses to create the ultimate monochromatic look. Sprinkled with a few snapdragons throughout, The Buttercream is fit for any celebration. And the sprigs of fluffy stock? Well, that’s just the icing on the cake.\r\n\r\n<h4>STEMS</h4>\r\n<ul>\r\n	<li>Lisianthus</li>\r\n	<li>Polar Star Roses</li>\r\n	<li>Snapdragons</li>\r\n	<li>Stock</li>\r\n</ul>',95.00,342,7,74,'Khz8NpfSq86AbhhIb4hSBXq7mBZU9UXGovJSmNp2.jpeg','SwbsLDPXU3JEqkkSbSAjnLwon0AtKPGcWBWfd2rE.jpeg','EXkKP0cuyZS6CUDlYtft2Ure6B6IoYlPPxcHiHRv.jpeg',0,0.00,NULL,NULL,'2019-12-12 23:31:46',3,'2019-12-12 23:31:46',NULL),(74,'The DIY Entertainer','For holiday hosts or DIY lovers, our bud vase and seasonal florals are a must-have. Every order includes three speckled ceramic vases and our Pippin bouquet full of crimson, peach, and burgundy stems. Cut the stems down to size and create your own deconstructed centerpiece. Even after the stems are long gone, these bud vases will last well past the holiday season.\r\n\r\n<h4>STEMS</h4>\r\n<ul>\r\n	<li>Cremon Mum</li>\r\n	<li>Campanella Roses</li>\r\n	<li>Cumbia Roses</li>\r\n	<li>Pompos</li>\r\n	<li>Aragon Esfera</li>\r\n	<li>Ruscus</li>\r\n	<li>Astilbe</li>\r\n</ul>',95.00,500,7,75,'dcsDbW0Ul3YlJVU5M4UkhlAWZ62BxP8eXD94ca6o.jpeg','5rAIrXaiqS5rxoFCF2BpNNTT9BjbaLgVr9PL6JgN.jpeg','idr3BtrwaY7lvGOpIV8kCj92pterBZvxNrp7HXfK.jpeg',0,0.00,NULL,NULL,'2019-12-12 23:46:00',3,'2019-12-12 23:48:41',3),(75,'The Finesse','Refined, romantic, and exuding pure class. The Finesse was a fitting name for a chic display of coral and peach florals. With sumptuous and fluffy blooms, this dazzling bouquet manages to feel urban and romantic, all at the same time.\r\n\r\n<h4>STEMS</h4>\r\n<ul>\r\n	<li>Roses</li>\r\n	<li>Ranunculus</li>\r\n	<li>Raffine Dianthus</li>\r\n</ul>',80.00,311,6,58,'hZOiC0XGxSERXAZp3dIGXnuWQ61RKL0nvPDCS44E.jpeg','UtoBVVbsc5mmUI5HVQkFmhoITGM9OBBs5CPHRiy3.jpeg','QZGgBrbj3TrKeqo2zRtr9MwiCUahj0tMrlvuvzvO.jpeg',0,0.00,NULL,NULL,'2019-12-13 00:10:02',3,'2019-12-13 00:10:02',NULL),(76,'The Amethyst','This jewel-toned bouquet includes some of autumn’s most coveted flowers (think fluffy mums and crimson safari sunsets). Named after the alluring gemstone with stress-relieving properties, we like to think this enchanting bouquet may have a similar effect.\r\n\r\n<h4>STEMS</h4>\r\n<ul>\r\n	<li>Cool Water Roses</li>\r\n	<li>Quicksand Roses</li>\r\n	<li>Ranunculus</li>\r\n	<li>Cremon Mums</li>\r\n	<li>Hypnosis Carnations</li>\r\n	<li>Amico Lavender Carnations</li>\r\n	<li>Claret Star Astrantia</li>\r\n	<li>Safari Sunset</li>\r\n	<li>Eryngium Thistle</li>\r\n	<li>Ruscus</li>\r\n	<li>Salal Leaves</li>\r\n</ul>',80.00,100,7,54,'eBDMONouvewXNmwu0dA4WpeJEhSfYb4PVrxwZkqP.jpeg','dL1FmItIRhz2a2GpHMXoRlLDtctXiAk4zfoqDkR0.jpeg','6C8PMY9mRa5SztpllQECvIaKTXw0qsIvxMsfX4RA.jpeg',0,0.00,NULL,NULL,'2019-12-13 00:31:20',3,'2019-12-13 00:31:20',NULL),(77,'The Tangelo','A cross between a tangerine and grapefruit, the tangelo is both sweet and vibrant – much like this bouquet. Far from your typical autumnal arrangement, The Tangelo brings bright, bold colors and detailed textures to the table.\r\n\r\n<h4>STEMS</h4>\r\n<ul>\r\n	<li>Protea</li>\r\n	<li>Craspedia</li>\r\n	<li>Santana Roses</li>\r\n	<li>Bells of Ireland</li>\r\n	<li>Cumbia Roses</li>\r\n	<li>Cocculus</li>\r\n	<li>Coral Reef Roses</li>\r\n</ul>',70.00,256,7,67,'Q4kTXjIqzI4jV02TLLzUKszA0CJCgNI98aRqWpbo.jpeg','5Mgic2lwEkY2mp9GiTsrt5Q7CE61ThalGXL2Mo5d.jpeg','MjvQ6deHnhw0uf2jzxsoQSuOEN1Je8P7eky6GbpD.jpeg',0,0.00,NULL,NULL,'2019-12-13 00:47:58',3,'2019-12-13 00:47:58',NULL),(78,'The Chalet','The cold winter months are no contest for this fiery bouquet with a golden vase included. Warm up to The Chalet\'s deep red hues and plum-colored calla lilies all season long.\r\n\r\n<h4>STEMS</h4>\r\n<ul>\r\n	<li>Seeded Eucalyptus</li>\r\n	<li>Calla Lilies</li>\r\n	<li>Sweet William</li>\r\n	<li>Ranunculus</li>\r\n	<li>Mini Carnations</li>\r\n	<li>Magnolia Leaf</li>\r\n	<li>Queen Anne\'s Lace</li>\r\n	<li>Eryngium</li>\r\n	<li>Garden Roses</li>\r\n	<li>Hypericum Berries</li>\r\n</ul>',130.00,98,7,74,'Qwi1zfn2WTKQbbxuatTFS3ATtCkIuM7ea50WGur5.jpeg','AKyiEFW8qktGc3SThuGCcTz6jHDY3bl2nLnJMTe1.jpeg','dwcWeDzu2mZHgCtsIZswtxSeESFGt72W16cnsmJC.jpeg',0,0.00,NULL,NULL,'2019-12-13 00:59:24',3,'2019-12-13 00:59:24',NULL),(79,'The Soiree','Soirées are in full swing and this moody bouquet is worthy of an invite. Burgundy scabiosa and safari sunset stems pop alongside delicate anemones and ruffled roses. Large in size and intricate in textures, this stunning arrangement will make any end-of-summer event shine.\r\n\r\n<h4>STEMS</h4>\r\n<ul>\r\n	<li>Picasso Mini Calla Lilies</li>\r\n	<li>Safari Sunset</li>\r\n	<li>Charming Cornielle Roses</li>\r\n	<li>Ranunculus</li>\r\n	<li>Scabiosa</li>\r\n	<li>Phoenix Roses</li>\r\n	<li>Hypnosis Carnations</li>\r\n	<li>Snapdragon</li>\r\n</ul>',130.00,301,7,78,'s16XeunZfQEKPmxa6OccFAWzNlsn27uU21j97IAR.jpeg','q023h5BzVWxXw536FYZMLKj9YLsxsOvyAVOUVilB.jpeg','FFYtxd6c1SAjJNUvuk51Pr7d8ygwdF4jYSDQz4LU.jpeg',0,0.00,NULL,NULL,'2019-12-13 05:11:50',3,'2019-12-13 05:11:50',NULL),(80,'The First Snow','This curated gift includes our Buttercream bouquet, a Nest holiday votive, and a gold vase. Nothing is as beautiful as the first snowfall. Designed as a nod to the wintertime occasion, this monochromatic bouquet is paired with a chic golden vase and Nest Holiday votive. Cozy up to the scents of winter with our enchanting First Snow.\r\n\r\n<h4>STEMS</h4>\r\n<ul>\r\n	<li>White Rose</li>\r\n	<li>Carnation</li>\r\n</ul>',90.00,325,7,60,'PKbvYGqqN9TTlypy1qjfCyRZfam1TXna3Wwx9W1U.jpeg','M1Qv73iMR75CJqcWjcGhL02xVt4SHKEngt5PZpsm.jpeg','NIFXuVXhwjbWf3u5UGcigK52h0n9GFQdD7z0FNNY.jpeg',0,0.00,NULL,NULL,'2019-12-13 06:11:07',3,'2019-12-13 06:11:08',NULL),(81,'The Hearth','Charcoal vase pictured is included! One of our more luxe bouquets to date, this fiery creation includes a chic charcoal vase with every order. Drawing inspiration from an autumnal fire’s dancing colors, we mixed deep purples with bright yellow calla lilies, orange tulips, and crimson mums. The end result is a showstopping piece that will have any recipient glowing. \r\n\r\n<h4>STEMS</h4>\r\n<ul>\r\n	<li>Mini Calla Lillies</li>\r\n	<li>Free Spirit Roses</li>\r\n	<li>Freesia</li>\r\n	<li>Ranunculus</li>\r\n	<li>Caraluna Roses</li>\r\n	<li>Amaranthus</li>\r\n	<li>Leucadendron</li>\r\n	<li>Hypericum Berries</li>\r\n	<li>Cremon Mums</li>\r\n	<li>Myrtle</li>\r\n</ul>',160.00,453,7,76,'gteJ32XwB9EFofyjZlhaFyPje2ZS6GZktF8Mg5a5.jpeg','nLp1xBbMQSRt1ag597BJgg64agTpr9No82YIXzJo.jpeg','VQFAGLDRHHj21fYhiOZv3IVMSykh4VWZUwRJyARg.jpeg',0,0.00,NULL,NULL,'2019-12-13 06:20:56',3,'2019-12-13 06:20:56',NULL),(82,'The Coupe','Celebrations are in order! For New Year\'s Eve or simply new endeavors, The Coupe is the festive gift set that\'s sure to wow. Our gold vase comes paired with our popular Firecracker bouquet and a sweet treat of Sugarfina\'s Champagne Gummie Bears. Pop the bubbly and celebrate with The Coupe.\r\n\r\n<h4>STEMS</h4>\r\n<ul>\r\n	<li>Rose</li>\r\n	<li>Carnation</li>\r\n	<li>Lavender</li>\r\n</ul>',95.00,157,7,56,'TflVl23dUYGo41oAa0o3vam0rRynevMiDiy7ddCd.jpeg','ZaKokYS85fOWMxWjAmgrdW3CBtYl65YRnzRx2GW9.jpeg','XMb1pLp9FOchEYajQe276MABlMKSWCwiUcWz7h4X.jpeg',0,0.00,NULL,NULL,'2019-12-13 07:13:28',3,'2019-12-13 07:14:05',3),(83,'The Olympia','Named for an Ancient Greek sanctuary, The Olympia is a welcomed addition to your own personal sanctuary. It’s towering purple petals and golden vessel make for an architectural look that complements any room. Place on a bookshelf, side table, or a desk for chic touch.\r\n\r\n<h4>STEMS</h4>\r\n<ul>\r\n	<li>Purple Orchid</li>\r\n</ul>',85.00,386,7,86,'jReAldhpbbLaknE5ByqVIbkLEfkwIcPiD7FLR136.jpeg','mV1ApzBRFTs1hzBtgAv3Lz5j7h6LARyUlvVlXrNG.jpeg','iYCjYi4RWtYVx7b9qb53TwURlTa3EXn5Hy3LCi0y.jpeg',0,0.00,NULL,NULL,'2019-12-13 07:35:15',3,'2019-12-13 07:35:15',NULL),(84,'The Matcha','Like the magic elixir it’s named after, this striking emerald green arrangement is sure to boost your mood and calm your mind. Green symbolizes freshness, fertility, nature, new beginnings, peace and harmony. Gift it to someone who is embarking on a new adventure or is seeking balance and stability in their life.\r\n\r\n<h4>STEMS</h4>\r\n<ul>\r\n	<li>Green trick</li>\r\n	<li>Hydrangea</li>\r\n	<li>Hypericum berries</li>\r\n</ul>',65.00,364,7,56,'0hNy8Y1AmSpGylxxy7qXTYisOhwoeKJdYiVwrmmm.jpeg','YBesxGbnHSmxWqkslBvRVjy8lMCYNCPWXaVrr7R7.jpeg','hdk2dZNjAyvEHbWt3252ZquHSGEBeUKl7xqp6fRR.jpeg',0,0.00,NULL,NULL,'2019-12-13 07:49:16',3,'2019-12-13 07:49:16',NULL),(85,'The Flurry','Hints of blue and specks of white. The Flurry is a triumphant display of both colors and textures. Get swept away in the towering delphinium while taking in the enchanting smell of spiral eucalyptus. The Flurry is perfectly designed for the holiday season.\r\n\r\n<h4>STEMS</h4>\r\n<ul>\r\n	<li>Spiral Eucalyptus</li>\r\n	<li>Snapdragons</li>\r\n	<li>Lisianthus</li>\r\n	<li>Delphinium</li>\r\n	<li>Gypsophila</li>\r\n</ul>',55.00,467,7,73,'eAAMiviXYsEeDjdUFQyd1RTquuLSVpAtLPiXzTjn.jpeg','jRRNpqxQ4uaCsVSmZF1VEJKSOUmeQcnkrd9qcp71.jpeg','3NhSdoHYPcjR92SqCwMM6EGEQjbaWyyw3HmxOwob.jpeg',0,0.00,NULL,NULL,'2019-12-13 08:30:35',3,'2019-12-13 08:30:36',NULL),(86,'The Limerick','Taking inspiration from the rolling green hills of Ireland, The Limerick is a delicate mix of ethereal whites and soft emerald tones. With charming anemones, textured thistle, and freesia, The Limerick will have anyone feeling lucky.\r\n\r\n<h4>STEMS</h4>\r\n<ul>\r\n	<li>O\'Hara Garden Roses</li>\r\n	<li>Anemone</li>\r\n	<li>Freesia</li>\r\n	<li>Privet Seeded</li>\r\n	<li>Lavender</li>\r\n	<li>Engyrium Light Green Jackpot</li>\r\n	<li>Boxwood</li>\r\n	<li>Ornithogalum</li>\r\n</ul>',120.00,234,7,64,'9vAQIzEZguv7UWe3EcQ80rZZeryZMlx2Gs2VIST1.jpeg','wwILbg8lOnfh97oiWSN3qx3rEhbwLwzOXjDLyyNs.jpeg','ACs1Yoo3Hh0wdjvQOqVKNMS6Ew1by3RKo9qPItL6.jpeg',0,0.00,NULL,NULL,'2019-12-13 08:42:02',3,'2019-12-13 08:42:02',NULL),(87,'The Nightingale','This arrangement includes a midnight blue vase. Curated for the season, this bouquet is a triumphant display of both colors and textures. Get swept away in the towering delphinium while taking in the enchanting smell of spiral eucalyptus.\r\n\r\n<h4>STEMS</h4>\r\n<ul>\r\n	<li>Spiral Eucalyptus</li>\r\n	<li>Snapdragons</li>\r\n	<li>Lisianthus</li>\r\n	<li>Delphinium</li>\r\n	<li>Gypsophila</li>\r\n</ul>',70.00,125,7,56,'p1mYfNizcxkr0AE6KOnkXuRciq0JHzUlGlir0pPS.jpeg','3gzGhJBsf2fOQYkDSkjuIByrTTMWD4NkwSktDPQq.jpeg','8nIaEiyLIEx9GttBaly0hcwTbbjvOfaXDq2N07is.jpeg',0,0.00,NULL,NULL,'2019-12-13 08:52:34',3,'2019-12-13 08:52:34',NULL),(88,'The Solstice','Time seems to stand still when you look at this enchanting orchid. White orchids represent beauty and elegance, and The Solstice is no exception. Placed on an office desk or coffee table, this dazzling orchid in a powder-blue ceramic pot will add some light to the season\'s darker days.\r\n\r\n<h4>STEMS</h4>\r\n<ul>\r\n	<li>White Phalaenopsis Amabilis Orchid</li>\r\n</ul>',65.00,376,7,66,'7iMUaZo2HTBKaBwiEgy3A4FGpWWP6PdzTPxAFu2R.jpeg','vkMQQZ8QWrLePLYZLWmadfjo4zF5FMmuI0MURx5D.jpeg','KT6VJwuII0YAJS16Wd5QrOyuHDQUu81YD0GG5rGn.jpeg',0,0.00,NULL,NULL,'2019-12-13 09:01:53',3,'2019-12-13 09:01:53',NULL),(89,'The Winona','Layers of smooth and glossy succulent petals are nestled in a boho-chic golden, beaded pot. This cool offering is the ultimate mix of color and texture.\r\nThis plant is PET SAFE: Most succulents are completely harmless to animals. While we don’t recommend letting animals eat your succulents, most species pose no risk to cats and dogs and are safe to grow around pets.\r\n\r\n<h4>STEMS</h4>\r\n<ul>\r\n	<li>Succulent</li>\r\n</ul>',55.00,300,7,65,'NPShXfGhx0DfKLjFV5C0DvN57etVpv57HhuAoFgP.jpeg','mk0LLrqyIOTH5u75CB1TTSWeuk6rnkXazP7Mio14.jpeg','KlR16NAN2zvzat00ce7FMu7IseFLG6zg8AaN1BnQ.jpeg',0,0.00,NULL,NULL,'2019-12-13 09:14:15',3,'2019-12-13 09:14:15',NULL),(90,'The Highland','Bring the historic charm of the Scottish Highlands home with this handmade cedar wreath. Topped with a crisp, plaid bow reminiscent of a quintessential Scottish kilt, the final look will have you hearing bagpipes.\r\n\r\n<h4>STEMS</h4>\r\n<ul>\r\n	<li>Cedar Wreath </li>\r\n</ul>',65.00,323,6,76,'Qk86QFwCVslOlZJAMFozj7kUMJqvsyuL6QYJ6ckd.jpeg','WvbUrLhwAkezXFAcEpw1x7m042Mpnu4VZk7kLsln.jpeg','cYgtUrW9gA2pnBAkqbqIemlx4zpmuhjwVcFPhTRL.jpeg',0,0.00,NULL,NULL,'2019-12-13 09:22:34',3,'2019-12-13 09:22:34',NULL),(91,'The Alpine','Chic, understated, and seasonal. Our Alpine succulent has arrived just in time for the holiday season. A hybrid between a gasteria succulent and aloe, this dark green plant pops alongside its textured white pot.\r\n\r\n<h4>STEMS</h4>\r\n<ul>\r\n	<li>Gasteria Flow Succulent</li>\r\n</ul>',45.00,234,7,65,'Q4bhmbss70PcyncuuqDdIlP6hBv6p3S9b8HJCGUX.jpeg','NA5u8W0b2c9dWKsSqCQAT6AMDUR4JeqbVCKy8uRu.jpeg','xAComaRqZsUViGGfLgP9haqtow74pzPBz9W5BUIo.jpeg',0,0.00,NULL,NULL,'2019-12-13 09:34:33',3,'2019-12-13 09:34:34',NULL),(92,'The Mojave','Who says wintertime is only fit for evergreens and ferns? Warm things up with our festive succulent and cactus-patterned planter. Add a pop of color and low-maintenance touch to any desk this holiday gifting season.\r\n\r\n<h4>STEMS</h4>\r\n<ul>\r\n	<li>Succulent</li>\r\n</ul>',50.00,421,7,65,'QArU6UTRPkFcdbstyPTiAK7OdUsXILudSfl2NcwN.jpeg','sSrYZh5xQjwYFe9HTTvr4Oif5O5yKmGNmei92tRB.jpeg','Pk9jaUJXab2SaJ7B0KP9AVnwO6YMNTISYzjhS6Zv.jpeg',0,0.00,NULL,NULL,'2019-12-13 10:02:08',3,'2019-12-13 10:02:08',NULL),(93,'The Chestnut','Sustainably sourced, this grapevine wreath is a more modern take on the traditional holiday wreath. Place indoors or outdoors and welcome the season in.\r\n\r\n<h4>STEMS</h4>\r\n<ul>\r\n	<li>Grapevine Wreath</li>\r\n</ul>',80.00,321,7,65,'o2O2MhEoTFKLsiUcoYxVOxd6INSgt2Eo9WSVTuqz.jpeg','q5265ZjlUmxqLvl0HXLSrXtHeaMFiUufDXOYr8MA.jpeg','5FtIiyaRhRnK7OHQbj9744eP0FtA3isefVAqVAov.jpeg',0,0.00,NULL,NULL,'2019-12-13 10:08:41',3,'2019-12-13 10:08:41',NULL),(94,'The Snowflake','Like roasted chestnuts or the aroma of mulled wine, these tall and elegant winter flowers are a beautiful sign that the holidays are coming. Indoor paperwhites only bloom once, meaning your plant will arrive in bud form so you can enjoy it longer throughout the holiday season.\r\n\r\n<h4>STEMS</h4>\r\n<ul>\r\n	<li>Paperwhites</li>\r\n</ul>',55.00,421,7,56,'YhyXCSOFyGm5VnmdLVX2yM6ihUGN7g2fjucx5FNO.jpeg','J66uFkV0AyvXC6sQKzBAIWdhOT3ph46byMQROep1.jpeg','iU61UT4VgJ2ItyUz2jNTzzcLUotTd1CPlSo2aUgD.jpeg',0,0.00,NULL,NULL,'2019-12-13 10:51:35',3,'2019-12-13 10:51:35',NULL),(95,'The Logan','New for UrbanStems, The Logan comes from our Dried Bouquet Collection, designed exclusively by East Olivia. Led by Kelsea Gaynor, this inventive, women-led floral agency knows a thing or two about dried florals. Somewhere in between designing Insta-famous installations throughout Manhattan and LA, they’ve managed to find time to design this chic dried bouquet. A monochromatic color scheme, playful textures, and vase included. With proper care, these carefully selected dried stems can last for months to come. No water or light required. East Olivia is passionate about creating more beauty in the world – this arrangement is no exception.\r\n\r\n<h4>STEMS</h4>\r\n<ul>\r\n	<li>Preserved Statice</li>\r\n	<li>Skeleton Fern</li>\r\n	<li>Dried Oats</li>\r\n	<li>Micro Daisies</li>\r\n	<li>Strawflower</li>\r\n	<li>Bleached Bunny Tail</li>\r\n</ul>',95.00,452,7,68,'k9mHyhkyWzySvV7fPDisDSG83td1NANyDrhe62f7.jpeg','19kU3RGwLh4sFXiLsAz84kKBbxmkfwld9YPhPyi5.jpeg','ABLHkQ3cgygI9VG617TiTSjjUBXr2CKOzC35d3Cf.jpeg',0,0.00,NULL,NULL,'2019-12-13 11:07:43',3,'2019-12-13 11:07:44',NULL),(96,'Double the Red Velvet','One of our most popular arrangements to date, we have limited quantities of The Red Velvet each week, making it one of our more exclusive bouquets too. This intensely stylish arrangement filled with burgundy ranunculus and delicate burgundy lined mariposa carnations is high on romance and a true mix of light and dark. Upon arrival, these velvet-like ranunculus will bloom into an intricate display of countless petals and are sure to add some drama to any home.\r\n\r\n<h4>STEMS</h4>\r\n<ul>\r\n	<li>Ranunculus</li>\r\n	<li>Mariposa Carnations</li>\r\n</ul>',90.00,234,7,67,'EiL4q4BZg5481pyHe4A31FT4mwUhQE5o7EWjGj11.jpeg','i7DItmpx2aCPMrpB4208OgSUehvJYmgwYL9oW5xc.jpeg','leLl9mrpgq87dUvwhYNCZmNV4KdWsVqnE26Wfn2x.jpeg',0,0.00,NULL,NULL,'2019-12-13 11:13:50',3,'2019-12-13 11:14:37',3),(97,'The Icon Flower','New for UrbanStems, The Icon comes from our Dried Bouquet Collection, designed exclusively by East Olivia. Led by Kelsea Gaynor, this inventive, women-led floral agency knows a thing or two about dried florals. Somewhere in between designing exquisite floral installations throughout Manhattan and LA, they’ve managed to find time to design this towering dried bouquet. Striking pinks, bold textures, and vase included. With proper care, these carefully selected dried stems can last for months to come. No water or light required.\r\n\r\n<h4>STEMS</h4>\r\n<ul>\r\n	<li>Pink Pampas</li>\r\n	<li>Thistle</li>\r\n	<li>Stargrass</li>\r\n	<li>Preserved Green Bell</li>\r\n	<li>Mini Strawflower</li>\r\n</ul>',150.00,367,7,75,'OoZRDvtwuLPLEi9FMuHK131kjv51YxOWWgYpHXd3.jpeg','l2kLp4DK2WXe5civc53KxlVjZM1xbynHXGHDjSRh.jpeg','0w3ovDquuiR1INnvaMPDHqJR7H3NCFiFtLBsS8rx.jpeg',0,0.00,NULL,NULL,'2019-12-13 11:25:00',3,'2019-12-13 16:54:00',1),(98,'The Lemon Drop','With its delicate blooms bursting in bright color, this phalaenopsis orchid adds a new dimension of elegance to any home or office. Potted in a bronzed vessel, The Lemon Drop is unmatched in beauty.\r\n\r\n<h4>STEMS</h4>\r\n<ul>\r\n	<li>Yellow Red Lip Orchid</li>\r\n</ul>',80.00,267,7,76,'vmuI30nZNuDawoD8XnU6yonLIz6ZpIQcWdahs8h4.jpeg','wbn3OUcFrCGYKJlj2sylFAnPCbru1aAmzpReDqFH.jpeg','ryozESCEAHzRTtV29HGTtNjF1daDm3g1YZW5HYhv.jpeg',0,0.00,NULL,NULL,'2019-12-13 11:35:16',3,'2019-12-13 11:35:35',3),(99,'The Maddie','New for UrbanStems, The Maddie comes from our Dried Bouquet Collection, designed exclusively by East Olivia. Led by Kelsea Gaynor, this inventive, women-led floral agency knows a thing or two about dried florals. Somewhere in between designing Insta-famous floral installations throughout Manhattan and LA, they’ve managed to find time to design this bold dried bouquet. Bold colors, playful textures, and vase included. With proper care, these carefully selected dried stems can last for months to come. No water or light required.\r\n\r\n<h4>STEMS</h4>\r\n<ul>\r\n	<li>Skelton Fern</li>\r\n	<li>Died Bunny Tail</li>\r\n	<li>Skelton Fern</li>\r\n	<li>Bugundy Ruscus</li>\r\n	<li>Leucadendron Cones</li>\r\n	<li>Lemon Leaf</li>\r\n	<li>Merlot Celosia</li>\r\n</ul>',125.00,342,7,65,'ARvUPCNHB4iaWni2ZlHpGpaQfkDKbxC1O1p2hQZk.jpeg','pT55GK8pga6UlWagvsm2bcX9JkSOH7oPgMbQrzaJ.jpeg','G9soHBMmllFB55ExV8Ck34OgyHGocWTA6GZvjzSJ.jpeg',0,0.00,NULL,NULL,'2019-12-13 11:45:38',3,'2019-12-13 11:45:38',NULL),(100,'The Cipriani','While Giuseppe Cipriani may be known as the founder of the luxe hotel in Venice, many may not know that he\'s also the inventor of a brunch favorite: the bellini. As a nod to his peachy, effervescent cocktail, The Cipriani\'s lively mix of bubblegum pinks and apricot hues is sure to please.\r\n\r\n<h4>STEMS</h4>\r\n<ul>\r\n	<li>Pink Floyd Roses</li>\r\n	<li>Kahala Roses</li>\r\n	<li>Alstromeria</li>\r\n	<li>Pink Statice</li>\r\n</ul>',55.00,234,6,65,'qpBOSAD6k80g4xoS4H8kV4G3sSVI2x4Fcr2fWD0X.jpeg','6LzfV2L2aVb8jsMM62l836eR0Ci6BguctPPHk17q.jpeg','I4zt0cNyqfYnj6PIS3D5x9f1NCTKLp4PZ0kTMmsl.jpeg',0,0.00,NULL,NULL,'2019-12-13 11:53:17',3,'2019-12-13 11:53:18',NULL),(101,'The Pink Champagne','Lively and effervescent, The Pink Champagne bouquet is best suited for a celebration. With towering blush-toned stock and coral scabiosas, this bouquet manages to capture pink’s genuine and timeless allure.\r\n\r\n<h4>STEMS</h4>\r\n<ul>\r\n	<li>Scabiosa</li>\r\n	<li>Carnations</li>\r\n	<li>Stock</li>\r\n	<li>Bicolor Roses</li>\r\n	<li>Spray Roses</li>\r\n</ul>',68.00,421,7,68,'d35tmX7JNt1RlXnG7HPV6tuIM9Zcj1ITthNuHCpt.jpeg','ULCH6O3ZIRbRMLD2CGJRVhUV86qY61GVugisf5G5.jpeg','064jmOzFLHs2LkWFTi9fghOFFKUEmUOyrKKHJWOF.jpeg',0,0.00,NULL,NULL,'2019-12-13 12:02:19',3,'2019-12-13 12:02:19',NULL);
/*!40000 ALTER TABLE `products` ENABLE KEYS */;
UNLOCK TABLES;

--
-- Table structure for table `taxes`
--

DROP TABLE IF EXISTS `taxes`;
/*!40101 SET @saved_cs_client     = @@character_set_client */;
/*!40101 SET character_set_client = utf8 */;
CREATE TABLE `taxes` (
  `id` int(11) NOT NULL AUTO_INCREMENT,
  `name` char(3) NOT NULL,
  `description` varchar(100) NOT NULL,
  `percentage` int(11) NOT NULL,
  `deleted_at` datetime DEFAULT NULL,
  `created_at` datetime NOT NULL DEFAULT CURRENT_TIMESTAMP,
  `created_by` int(11) NOT NULL,
  `updated_at` datetime DEFAULT NULL,
  `updated_by` int(11) DEFAULT NULL,
  PRIMARY KEY (`id`)
) ENGINE=InnoDB AUTO_INCREMENT=3 DEFAULT CHARSET=utf8mb4;
/*!40101 SET character_set_client = @saved_cs_client */;

--
-- Dumping data for table `taxes`
--

LOCK TABLES `taxes` WRITE;
/*!40000 ALTER TABLE `taxes` DISABLE KEYS */;
INSERT INTO `taxes` VALUES (1,'GST','Gooda and Services Tax',5,NULL,'2019-12-13 13:43:50',1,'2019-12-13 13:45:26',1),(2,'PST','Provioncial Sales Tax',7,NULL,'2019-12-13 13:45:20',1,'2019-12-13 13:45:20',NULL);
/*!40000 ALTER TABLE `taxes` ENABLE KEYS */;
UNLOCK TABLES;

--
-- Table structure for table `testimonials`
--

DROP TABLE IF EXISTS `testimonials`;
/*!40101 SET @saved_cs_client     = @@character_set_client */;
/*!40101 SET character_set_client = utf8 */;
CREATE TABLE `testimonials` (
  `id` int(11) NOT NULL AUTO_INCREMENT,
  `user_id` int(11) NOT NULL,
  `description` text NOT NULL,
  `is_published` tinyint(1) NOT NULL DEFAULT '0',
  `deleted_at` datetime DEFAULT NULL,
  `created_at` datetime NOT NULL DEFAULT CURRENT_TIMESTAMP,
  `created_by` int(11) NOT NULL,
  `updated_at` datetime DEFAULT NULL,
  `updated_by` int(11) DEFAULT NULL,
  PRIMARY KEY (`id`),
  KEY `fk_user_testimonial` (`user_id`),
  CONSTRAINT `fk_user_testimonial` FOREIGN KEY (`user_id`) REFERENCES `users` (`id`) ON UPDATE NO ACTION
) ENGINE=InnoDB DEFAULT CHARSET=utf8mb4;
/*!40101 SET character_set_client = @saved_cs_client */;

--
-- Dumping data for table `testimonials`
--

LOCK TABLES `testimonials` WRITE;
/*!40000 ALTER TABLE `testimonials` DISABLE KEYS */;
/*!40000 ALTER TABLE `testimonials` ENABLE KEYS */;
UNLOCK TABLES;

--
-- Table structure for table `transactions`
--

DROP TABLE IF EXISTS `transactions`;
/*!40101 SET @saved_cs_client     = @@character_set_client */;
/*!40101 SET character_set_client = utf8 */;
CREATE TABLE `transactions` (
  `id` int(11) NOT NULL AUTO_INCREMENT,
  `user_id` int(11) NOT NULL,
  `reference_number` varchar(100) NOT NULL,
  `created_at` datetime NOT NULL DEFAULT CURRENT_TIMESTAMP,
  `created_by` int(11) NOT NULL,
  PRIMARY KEY (`id`),
  KEY `fk_user_transaction` (`user_id`),
  CONSTRAINT `fk_user_transaction` FOREIGN KEY (`user_id`) REFERENCES `users` (`id`) ON UPDATE NO ACTION
) ENGINE=InnoDB AUTO_INCREMENT=13 DEFAULT CHARSET=utf8mb4;
/*!40101 SET character_set_client = @saved_cs_client */;

--
-- Dumping data for table `transactions`
--

LOCK TABLES `transactions` WRITE;
/*!40000 ALTER TABLE `transactions` DISABLE KEYS */;
INSERT INTO `transactions` VALUES (1,15,'14300','2019-12-13 09:34:51',15),(2,15,'14301','2019-12-13 09:36:17',15),(3,4,'14302','2019-12-13 12:13:12',4),(4,25,'14303','2019-12-13 12:21:35',25),(5,25,'14304','2019-12-13 12:26:39',25),(6,25,'14305','2019-12-13 12:28:42',25),(7,25,'14306','2019-12-13 13:13:05',25),(8,24,'14307','2019-12-13 14:15:00',24),(9,26,'14308','2019-12-13 14:28:31',26),(10,27,'14309','2019-12-13 15:17:35',27),(11,1,'14310','2019-12-13 16:50:39',1),(12,29,'14311','2019-12-13 16:50:45',29);
/*!40000 ALTER TABLE `transactions` ENABLE KEYS */;
UNLOCK TABLES;

--
-- Table structure for table `users`
--

DROP TABLE IF EXISTS `users`;
/*!40101 SET @saved_cs_client     = @@character_set_client */;
/*!40101 SET character_set_client = utf8 */;
CREATE TABLE `users` (
  `id` int(11) NOT NULL AUTO_INCREMENT,
  `first_name` varchar(50) NOT NULL,
  `last_name` varchar(50) NOT NULL,
  `phone` varchar(20) DEFAULT NULL,
  `email` varchar(100) NOT NULL,
  `email_verified_at` datetime DEFAULT NULL,
  `password` varchar(255) NOT NULL,
  `role` enum('admin','blogger','customer','support') NOT NULL DEFAULT 'customer',
  `remember_token` varchar(255) DEFAULT NULL,
  `deleted_at` datetime DEFAULT NULL,
  `created_at` datetime NOT NULL DEFAULT CURRENT_TIMESTAMP,
  `created_by` int(11) NOT NULL,
  `updated_at` datetime DEFAULT NULL,
  `updated_by` int(11) DEFAULT NULL,
  PRIMARY KEY (`id`)
) ENGINE=InnoDB AUTO_INCREMENT=31 DEFAULT CHARSET=utf8mb4;
/*!40101 SET character_set_client = @saved_cs_client */;

--
-- Dumping data for table `users`
--

LOCK TABLES `users` WRITE;
/*!40000 ALTER TABLE `users` DISABLE KEYS */;
INSERT INTO `users` VALUES (1,'sonia','verma',NULL,'94soniaverma@gmail.com',NULL,'$2y$10$2M6pifYGWm9h/eFOYuHg5u1pHUORizEr9XPLKKUUWEIkdhIvWsbIG','admin',NULL,NULL,'2019-12-09 18:09:53',0,'2019-12-09 18:09:53',NULL),(3,'Harshjot','Malhi',NULL,'cjharshjot@gmail.com','2019-12-12 00:59:14','$2y$10$JK9UI3Wv2Y8NGniF84MCguaJPIxV8pg0W2QzDyVCd/jVcaojm0IUO','admin',NULL,NULL,'2019-12-09 18:12:06',0,'2019-12-12 00:59:14',NULL),(4,'Lloyd','Guadez',NULL,'lguadez@gmail.com',NULL,'$2y$10$4cO7T9GhyKGpDPCoFu4AUepldPm1AzjaG55erg1ZyWrvVakA8sgN6','admin',NULL,NULL,'2019-12-09 18:15:13',0,'2019-12-09 18:15:13',NULL),(5,'sunny','singh',NULL,'sunny.singh089@gmail.com',NULL,'$2y$10$.3TYm1gaEp6H65DDIMWJwuwBZiXJhjfm6AYMfWaftM5EQBFGsVwly','customer',NULL,NULL,'2019-12-09 18:52:02',0,'2019-12-09 18:52:02',NULL),(6,'nisha','verma','4521524569','vermamoga194@gmail.com',NULL,'$2y$10$stgQxAJyXBahM1ClpA0Q/./5nJk491fVDKOrcHShP18.mSKQQK3IG','customer',NULL,NULL,'2019-12-09 19:05:37',0,'2019-12-09 19:39:38',1),(7,'nisha','verma',NULL,'verma-s3@webmail.uwinnipeg.ca',NULL,'$2y$10$ievfzCNnEtkuks1uf3UdUemk/r72SRkqnwS8eE1WdFrimDkstGE/K','customer',NULL,NULL,'2019-12-09 19:08:11',0,'2019-12-09 19:08:11',NULL),(8,'Juan','jimenez',NULL,'juan.jimenez@techie.com',NULL,'$2y$10$QnngaJ4a/8UBZkGGXBUl/.kezyqUkGJSe8mUxB4a3.o5.5VmBG12C','customer',NULL,NULL,'2019-12-09 19:16:23',0,'2019-12-09 19:16:23',NULL),(9,'Juan','jimenez',NULL,'juancaji00@hotmail.com',NULL,'$2y$10$Ur4WCI3NJ62VfjMkgj7H7uLcKWeHKV76P1UU/vhqMuHVbFlSIA.Z.','customer',NULL,NULL,'2019-12-09 19:18:25',0,'2019-12-09 19:18:25',NULL),(10,'Juan','jimenez',NULL,'juancaji00@gmail.com',NULL,'$2y$10$q/9pjK/d.SknGUCP21oyAe4ICV1gPb7bvPM1BfsUSlyLzNsk8vc3m','customer',NULL,NULL,'2019-12-09 19:23:36',0,'2019-12-09 19:23:36',NULL),(12,'DEEP','Bhalotia',NULL,'sonalikhurana19@gmail.com',NULL,'$2y$10$13wgDTxmKzORj6Hz30Yz4e2PqQ6M5FtoCYiz60fHMErY50yGzZ48.','customer',NULL,'2019-12-09 19:47:59','2019-12-09 19:45:30',0,'2019-12-09 19:47:59',NULL),(13,'DEEP','Bhalotia',NULL,'vermamoga1994@gmail.com',NULL,'$2y$10$ptubT5z7oyP7RTa9yJQJ/.dcjQQnRuUh/i.Wo/vApDt9Uj8iBFDqK','customer',NULL,'2019-12-09 19:47:56','2019-12-09 19:46:17',0,'2019-12-09 19:47:56',NULL),(14,'sonia','verma',NULL,'vermacanada19@gmail.com',NULL,'$2y$10$uYxA96V9fOAZfUJl6V.oqOmTJ11hXodsid2FC.qOioHoF7SkvMvg6','customer',NULL,NULL,'2019-12-09 19:51:10',0,'2019-12-09 19:51:10',NULL),(15,'Ravi','Patel',NULL,'patel.ravi04@gmail.com',NULL,'$2y$10$.Uzg.v2Fd6mysuWVakGeEef2TvwaVnPE/YUoXdYL6SpZV.rXKyMMG','admin',NULL,NULL,'2019-12-10 14:34:00',0,'2019-12-10 14:34:00',NULL),(16,'Rajat','Malhotra',NULL,'malhotra3500@gmail.com',NULL,'$2y$10$m6TJp7BArr04d7DJREyEZepwNh9zZw3KSArdjGtVI.D64/SYCds5K','customer',NULL,NULL,'2019-12-11 19:05:00',0,'2019-12-11 19:05:00',NULL),(17,'Abc','abc',NULL,'abc@gmail',NULL,'$2y$10$DO6yVqwVyqRzIJeH13RiQOe/ZOdn14MZbfZxp83IWq4DOzWzDWt.G','customer',NULL,NULL,'2019-12-13 02:16:02',0,'2019-12-13 02:16:02',NULL),(18,'Abc','abc',NULL,'abc@com',NULL,'$2y$10$ZWL0qHq/d/fpryPLW4Q.NuDeIpfzIIarYogcLkv6yOZ8fZOa7bqP2','customer',NULL,NULL,'2019-12-13 02:18:17',0,'2019-12-13 02:18:17',NULL),(19,'123','123',NULL,'t@c',NULL,'$2y$10$ZqAaDuXtS.7fWiY6GMSjhufJtmkpfJGXxFz4S7vdSRA1eqTweTlQC','customer',NULL,NULL,'2019-12-13 02:19:48',0,'2019-12-13 02:19:48',NULL),(20,'@#₹%','@#₹%',NULL,'t@cq',NULL,'$2y$10$pJAAiUAjI4Vj6sfjAIKM4ugiR9qpIeYTDdQlgKNYHMEI7CMbhJdRu','customer',NULL,NULL,'2019-12-13 02:21:56',0,'2019-12-13 02:21:56',NULL),(21,'6---','6---',NULL,'₹@#',NULL,'$2y$10$zSb1Pl.gk/JGanrweyr9F.Bg93wOpC4z7hHuBr1rhhdnnUf0Rd.WW','customer',NULL,NULL,'2019-12-13 02:25:13',0,'2019-12-13 02:25:13',NULL),(22,'Erty','erty',NULL,'1@2',NULL,'$2y$10$z3oemnFsZTzBtMvAN3SFH.1kAMjxyn7xe2OoQESTdyhIzNMtNj3Ra','customer',NULL,NULL,'2019-12-13 02:26:22',0,'2019-12-13 02:26:22',NULL),(23,'Lkjh','lkjh',NULL,'19@3',NULL,'$2y$10$SWMze6r1CA3Sp6l/kygwR.k9iC/yuVsHKxbTxyZsXWNQsLCsbQQHm','customer',NULL,NULL,'2019-12-13 03:35:21',0,'2019-12-13 03:35:21',NULL),(24,'Deepanshu','Bhalotia',NULL,'deepanshubhalotia@gmail.com',NULL,'$2y$10$THmUFeyVxgiwSbnt6HkN0u7qtG.3AcQYRV5mpkFBm7k3LJSk9OgdO','admin',NULL,NULL,'2019-12-13 06:42:15',0,'2019-12-13 06:42:15',NULL),(25,'Lloyd','Guadez',NULL,'lguadez@yahoo.com','2019-12-13 12:22:06','$2y$10$RHpAvq0.8B/tGHS8PtKg2Okbk3optmrpvOyGJQUytzawwfVi0M3Pe','customer',NULL,NULL,'2019-12-13 12:19:08',0,'2019-12-13 12:22:06',NULL),(26,'Sonali','khurana',NULL,'sona.princess19@gmail.com',NULL,'$2y$10$r.4tsqHHzDygLKHvAbJl8uuPn0oly1pfKUk6.ZWHHEPjUYgCSgTwO','customer',NULL,NULL,'2019-12-13 14:20:46',0,'2019-12-13 14:20:46',NULL),(27,'Rajni','Bala',NULL,'webninjas@gmail.com',NULL,'$2y$10$twHvM.L8g6qUkOFk0LEK0uhJFJp1iKMwD0iRhytoIwnIgcktuFIvS','customer',NULL,NULL,'2019-12-13 15:14:27',0,'2019-12-13 15:14:27',NULL),(28,'Deepanshu','Bhalotia',NULL,'deepanshu@gmail.com',NULL,'$2y$10$Q84A0cCgu484zS2ZYzOdge7bUcNP4gcY.rsmQnJ6IeZm/.WAqMaGq','customer',NULL,NULL,'2019-12-13 15:58:09',0,'2019-12-13 15:58:09',NULL),(29,'Brent','Scott',NULL,'brent@brentscott.com','2019-12-13 16:44:01','$2y$10$QnlLmvZDY.3L/UWxHdoI2.jEZdaakQAleauAbeFs97ZM7DfUk3Kum','customer',NULL,NULL,'2019-12-13 16:43:09',0,'2019-12-13 16:44:01',NULL),(30,'Steve','George',NULL,'edu@pagerange.com',NULL,'$2y$10$CkOaEtqawt28x7iAZNWjKe9BlVaGnVatjCNR2JkgId0i72Z6uXEKq','customer',NULL,NULL,'2019-12-13 19:52:56',0,'2019-12-13 19:52:56',NULL);
/*!40000 ALTER TABLE `users` ENABLE KEYS */;
UNLOCK TABLES;
/*!40103 SET TIME_ZONE=@OLD_TIME_ZONE */;

/*!40101 SET SQL_MODE=@OLD_SQL_MODE */;
/*!40014 SET FOREIGN_KEY_CHECKS=@OLD_FOREIGN_KEY_CHECKS */;
/*!40014 SET UNIQUE_CHECKS=@OLD_UNIQUE_CHECKS */;
/*!40101 SET CHARACTER_SET_CLIENT=@OLD_CHARACTER_SET_CLIENT */;
/*!40101 SET CHARACTER_SET_RESULTS=@OLD_CHARACTER_SET_RESULTS */;
/*!40101 SET COLLATION_CONNECTION=@OLD_COLLATION_CONNECTION */;
/*!40111 SET SQL_NOTES=@OLD_SQL_NOTES */;

-- Dump completed on 2019-12-13 21:40:56
